,Var1,Var2,Var3,Var4,Var5,Label
0,-13.631926072596475,12.573362430175434,6.08898408987891,-10.642814625167722,-8.039518616509415,2
1,-12.91853937050569,8.928074734237882,6.252582137730042,-9.658388005224305,-12.872627863797284,0
2,-12.81765987539025,11.985210835068742,7.387556380814687,-10.210011555283153,-9.624412379007026,2
3,-12.668942760494964,7.622252628393186,9.482878191137754,-9.135697228056763,-12.057752144592419,0
4,-12.2920294252819,7.903124820634771,8.811844648326417,-9.402878891791834,-11.757409121783361,2
5,-11.573727184261601,7.462946432654896,8.74773965116408,-9.486218635679531,-11.913080432192487,0
6,-12.922966710470462,8.602950017882062,7.183115689655341,-9.572737988392852,-12.21798389838583,1
7,-10.662989553932757,12.31061688483423,8.774795289217721,-10.567940005113794,-8.280660654123036,2
8,-7.965428746175556,10.38700032769116,13.469741975443675,-9.349334694303131,-11.904183397497217,1
9,-11.669179946477607,7.07800583292275,8.17603744591798,-9.413247323589468,-12.733816745152813,0
10,-12.425748932327583,11.372961316225176,8.436130038894756,-10.342306968451764,-7.911668544242493,2
11,-11.91910677676211,7.809688986117651,9.444679007256102,-9.496679839291318,-10.8663247135861,0
12,-7.342286760840816,11.257334840558656,11.826145861619883,-9.783374386915883,-12.169424295422063,1
13,-5.931233077520159,10.392014682230913,10.349835526454905,-10.499799610767386,-10.872771188237063,2
14,-11.542562881123864,12.785429415145417,7.784224882765265,-10.636950692132814,-8.290054137329125,2
15,-9.595063854611372,13.07353350384896,13.543023077337246,-8.786623685120091,-14.262591195558068,1
16,-11.855963645095557,10.820544374574027,8.926913237706403,-10.322538645630644,-7.853361170593034,2
17,-10.128119044762304,8.848655819705165,8.584027879953931,-10.381344161968627,-8.932600247187741,0
18,-12.622887972849412,9.35290264136849,6.630858106397717,-9.847147097786925,-11.823716402147086,0
19,-5.7898272419969885,9.59061452387964,11.331609069848895,-10.40621211532927,-10.193131170297022,1
20,-9.237053561368347,12.357966845406025,13.394300348901787,-8.990729968797691,-13.400267280513326,1
21,-9.741951060778119,7.424540509143113,9.683846342000813,-9.965075282128605,-9.961353651065375,0
22,-11.164374554828807,7.444121949286169,7.391139460469831,-9.794478606862429,-12.072339901449082,0
23,-12.843236465817753,8.421949660333922,5.579590256765197,-9.55678129041131,-14.090451607620398,0
24,-12.340083874593613,11.683551552185255,7.71640845817542,-10.715720078879242,-6.799997414910362,1
25,-12.21919559192042,7.786234380916474,6.269786031752142,-9.549493462056317,-13.768401276105749,0
26,-10.841173911521881,13.100275196512703,8.711405325347338,-10.135361922787796,-10.8504149185335,2
27,-11.77454871364792,12.956956895961046,7.404392331072585,-10.60746786046385,-8.704409167599637,2
28,-12.53688112866645,8.19264321209749,6.794998834899251,-9.602994500542511,-12.716096276666262,0
29,-12.142174245515951,8.646262346514275,7.864749409956418,-9.771853549818145,-11.122189963129028,0
30,-11.280655236198909,11.730840691421372,9.142878261314616,-10.345685262597623,-8.334781650318766,2
31,-6.471759547842827,12.671687650417248,9.498476145305398,-10.779533610003385,-10.460561373468225,1
32,-12.644029001833367,10.540543829761475,8.569884984764075,-9.8582035858387,-9.990552029121872,2
33,-12.356958286975134,10.750998570394577,8.83669518808105,-10.091397047483,-8.738610923854255,2
34,-11.18136144341316,11.276080537955592,9.826052947950004,-10.18626326776212,-8.422820974102958,2
35,-12.48934874596634,11.060406452778007,8.5982148847818,-9.794811235814382,-10.630442934575107,2
36,-11.711696371982956,8.066334888459878,6.716820132313471,-9.803714629266212,-12.43566841066638,0
37,-11.931595702888355,7.411857234801386,7.954250957694745,-9.436605686719243,-12.701968832871643,1
38,-11.324271796774168,12.598285860980905,8.252483516252536,-10.616489071584445,-8.03921618103457,2
39,-12.029284203512626,11.699080917213566,8.387358816975006,-10.210352451948706,-9.190231860083841,2
40,-11.98097856339571,8.990600192872577,9.059049497210395,-9.801119362552319,-9.910773417858328,0
41,-11.21933473202808,11.623089764627547,9.572001447924256,-9.711380090450522,-11.43126992577224,2
42,-12.409950952110595,7.567375384125959,7.987498649938388,-9.309611854713491,-12.9637997177099,0
43,-12.497292007751847,11.5127355736269,7.569979717326575,-10.717755003699349,-6.743070160216178,2
44,-10.858372441672822,12.525150473936645,9.295180149055266,-10.366674863097279,-8.71332687475036,2
45,-12.31348020349363,11.426731048009101,8.010151550010235,-10.315274081669395,-8.657159780770465,2
46,-9.230793241540036,12.715177277843374,13.000956483855303,-9.148378373432045,-13.073501807011489,1
47,-9.621777160097455,12.992815141540827,10.144882815934922,-10.606507945460185,-7.781501515014849,2
48,-11.958373069406221,8.962270865729462,9.5518028103352,-9.824032850500064,-9.253095589546781,0
49,-11.852732691658238,7.7394894003520776,7.2267070953050325,-9.555247971199897,-13.021453510943028,0
50,-11.708801785938547,7.1078552405645725,7.141302306948907,-9.466220551533034,-13.548018951288329,0
51,-11.396045791104083,12.021503290750635,8.774265586320556,-10.35898936673487,-8.648576933862914,2
52,-12.106291542516093,10.99493823745755,8.585022422728823,-10.498003854365969,-7.06398257804448,2
53,-7.266004498802525,10.934031359797217,11.512319212265778,-9.928166532754412,-11.675040653266867,1
54,-12.364455981077445,9.206502296965317,9.706675318164976,-9.693655357569865,-9.498292471359946,0
55,-10.235851760318932,13.543101512916229,8.577039749545996,-10.753393824520105,-8.271472234711599,2
56,-11.697892620463351,12.324161927895391,8.101384910861498,-10.437537161433037,-8.756709778394118,2
57,-11.758219880348312,9.710953322669056,7.160371337309012,-10.214549865332382,-10.137386031042183,0
58,-12.145205596988689,9.007633972945236,6.333111041305033,-9.964566106340598,-11.844640259340869,2
59,-11.997961188669741,10.602623700670692,9.34933998412695,-9.762534846854939,-10.310414930935044,2
60,-7.224905471388624,12.440332290641292,10.605513585391984,-10.291113759511406,-11.170401208492578,1
61,-11.44328353688778,6.709909602957596,8.513546792933047,-9.29226090166095,-13.137565431622372,0
62,-12.764514505564225,8.540353879832407,6.880345833071512,-9.545143906498108,-12.838024090227654,0
63,-11.754828389075941,12.311382775444175,7.933782610044409,-10.420012559873506,-8.980057669926317,2
64,-12.178043842107904,7.881541226211094,7.646466444371201,-9.52437555707095,-12.464056121394748,0
65,-12.65812523639148,12.521169678006666,6.604910712152668,-10.749128618886484,-7.799999688304474,2
66,-12.995416359128924,12.907388416175703,5.4572347578357085,-11.184948094408309,-6.427074315756984,0
67,-11.969788217540152,7.747954038400104,7.949978676662024,-9.456774508416359,-12.665532374679383,0
68,-11.823636385466965,12.698924578148269,7.7107265803676075,-10.632531783989888,-8.096653992991502,2
69,-10.44785670395026,6.112856832228905,6.918560962344415,-9.50105540797356,-14.493732976012529,0
70,-7.785243117601426,11.639830782519025,12.294771441264107,-9.536582703294235,-12.728845450601678,2
71,-11.840546194771697,11.534703015159167,8.419356793195913,-10.480866060784257,-7.772452505212289,2
72,-12.668645866663114,6.808035173314396,6.511314087690368,-9.080826081114436,-15.372450040318881,0
73,-9.19883807451989,12.953113874367617,13.339119783159642,-9.199587493296065,-12.522741689487809,1
74,-13.0190887152429,11.192735736998074,7.17212970757627,-10.886015415511578,-5.634268707612236,2
75,-13.16304778780037,8.358376382099998,7.911203545159459,-9.330916531887928,-12.457502304835431,0
76,-12.006606427809121,12.21787689565649,7.674626029003186,-10.349890336385467,-9.384120340480644,0
77,-9.163349380915443,12.146043054413786,13.58268333046746,-9.017413921805495,-13.046570594553572,1
78,-11.555688218556835,12.577116719007021,8.48997224429124,-10.409557178495273,-8.704122382468942,1
79,-10.836642810879132,7.533961350580476,7.936885103520687,-9.845930530615188,-11.52926489766627,1
80,-10.711514033595847,11.70091013892106,9.315084600069568,-10.729598275240846,-6.539282600473629,2
81,-10.55023373953451,11.643863439387037,9.686408786718582,-10.488743917299958,-7.613613742331436,2
82,-11.28914904700249,11.995456663360265,9.01440045422585,-10.228290970198296,-9.209307376646931,2
83,-11.965024647634543,8.833804355676182,8.720903204630423,-9.850285462530785,-9.973012428304395,0
84,-13.103876293946058,12.322580911102179,6.717370743477955,-10.529437498970488,-8.409867689698498,2
85,-12.4946474225897,8.746914777843177,7.685406428235979,-9.754400291368812,-11.109611397892994,1
86,-10.3642298589787,12.208196049883707,9.652261254755444,-11.021324140111993,-5.036636273484475,2
87,-7.964872904387562,11.417677473895424,12.35285739997123,-9.660328280395653,-11.728558836694072,1
88,-7.77138701557527,12.37000579965254,11.174741010038673,-10.131125613831482,-10.88817464768433,0
89,-12.024835632900151,12.344221009080814,7.461771951754229,-10.576420245828832,-8.375740616992541,0
90,-7.20560120823173,10.236471174975875,12.569391613675329,-9.623236384835097,-12.048838465213809,2
91,-12.025696364667187,12.280604825110553,7.521272799063187,-10.589017211604926,-8.218519345364978,2
92,-8.371851028507656,13.535369355146562,10.756781272965508,-10.28287713436764,-10.296934059249546,2
93,-9.703698344932224,13.423770498999552,13.149423328654958,-9.050614104151965,-13.228828499271664,1
94,-12.858954881034844,11.313979737938924,7.942092689639259,-10.153560250570152,-9.07323936640127,1
95,-12.239666321508814,12.95091870978724,7.0923594340914935,-10.783415963314638,-7.6141247092255675,2
96,-11.121082761144812,11.581352651733798,9.290188635389711,-10.411084433352903,-7.9129073096566795,2
97,-11.622918211496275,12.972454930284464,7.282598814993349,-10.783991703102178,-8.003308336850873,2
98,-10.92340590980882,13.338101981451988,14.599140120867416,-8.551545846248429,-13.218037187831158,2
99,-6.543716248449699,10.845126616363086,10.670164362286474,-10.599972239048096,-9.515905709724985,2
100,-11.087591215687231,6.180732934418572,10.062839058584938,-9.197464782313894,-12.134553521867868,0
101,-11.336056256306096,8.767349142840464,11.40694461392046,-9.845149789726296,-7.630725729659728,0
102,-12.839809833165695,11.39888763927343,7.39692154236837,-10.288961554615861,-8.962487433223894,2
103,-7.392296067329735,10.296081449791595,12.203964060912039,-9.954130571180198,-10.44120786122967,1
104,-8.95263518435876,12.793268936271778,12.035456465802561,-9.357039838591165,-13.26359327180544,1
105,-9.06247270362832,12.589747975781387,12.964923293995684,-9.5767749188528,-10.84124512808955,1
106,-7.711183229391261,11.778654405496255,11.761271813664093,-9.914610168217488,-11.319850950374464,1
107,-11.791756701007563,8.086585558244074,4.854501934238608,-9.801581041374902,-14.42650900967946,0
108,-12.080891726891448,12.21172323167096,7.565688211924519,-10.6125290626293,-7.96280879575144,2
109,-11.968153865277557,8.042558999305506,6.368782884276247,-9.64644599119765,-13.442483409732725,0
110,-9.353563674377641,12.383608880797391,13.323920062444513,-9.2216566921601,-12.083251952252347,1
111,-7.038989871383915,12.3028688049935,10.274070580020615,-10.527176367096796,-10.35107606787863,1
112,-12.896999660935515,12.189638827832532,6.551087278580092,-11.014489950985698,-6.0391401018160575,2
113,-5.806924796228206,10.188928705564669,10.41881402787681,-10.492364192207233,-10.892795130991894,1
114,-6.783829258134196,10.786234684944558,11.602876713040907,-9.973136795113918,-11.741460714386864,1
115,-10.751069882228665,12.548178433544209,9.233547467108503,-10.325276204772365,-9.123400800488167,2
116,-9.279936175787782,13.164758287450503,13.096645182182812,-8.984563157313195,-13.981158710442946,2
117,-12.642874162188603,12.268884871784676,7.1547980147044665,-10.79429345652369,-6.875783980779319,2
118,-12.612262417013543,12.407148648542373,7.283695280971735,-10.435360029434008,-8.813691574334984,2
119,-8.657053653168866,12.08139599902693,12.964456768410004,-9.265260124809132,-12.809501438682005,1
120,-8.833159543499212,12.613525617547591,12.852623002841337,-9.265285196012886,-12.934215011206039,2
121,-11.366447912472434,7.802604891543825,8.152257751413064,-9.65479131962062,-11.935951144382862,0
122,-11.695528162231685,12.249398977415686,7.710635422807961,-10.802681846415812,-7.124564216608673,2
123,-11.861652789611956,8.192710271788004,8.986443721287158,-9.575447181286197,-11.109447182897794,0
124,-11.764681873028762,7.476129978079062,7.719139049939137,-9.521159789813682,-12.669962274355004,0
125,-6.696877781319322,11.63774427681848,10.294487026859894,-10.296754742172887,-11.731597975886142,1
126,-10.34979818024121,6.177639976019696,8.340446418809531,-9.486362371390245,-13.126424241349572,0
127,-8.807791014620081,12.490077608931038,12.314448561896473,-9.39310015646777,-12.796958243020313,1
128,-12.067895042538183,12.634814128254517,7.595490306928008,-10.616455536420329,-8.05705696521953,2
129,-8.314163753392709,12.630886009875837,11.686343132166279,-9.716890032942109,-12.200446844181283,1
130,-13.405352881965971,7.199436819856212,7.117115757734847,-8.957651501232396,-14.809714102572766,0
131,-11.537315184956201,10.40727746048661,10.110377238651797,-9.658810835018082,-10.433704427949,2
132,-12.392849762284275,7.5908106354202625,10.064190116426786,-9.195831041881375,-11.338103129261922,0
133,-8.27473962666161,11.634990975558193,13.069807745150612,-9.246550075802386,-13.022856588965015,0
134,-10.97327902973462,8.215758011160508,8.373432234230647,-9.96527525725195,-10.470050729735679,0
135,-13.091664151463373,12.010433060429117,6.78903092141459,-10.426138773793046,-8.819320459432086,1
136,-12.133829913637568,7.393266311051851,7.612035031262856,-9.45687427705518,-12.764300996019355,0
137,-11.38447562470096,8.0839593223662,8.884422531194003,-9.73220849301021,-10.77091787708716,0
138,-12.531353472842298,11.89037645277246,7.080941709064899,-11.176348854326395,-4.807697005555586,2
139,-7.419858330789956,10.455022982202092,11.749752649975253,-10.233249276479397,-9.406113185164859,1
140,-12.196880538023075,12.203731552120265,7.066500711684247,-11.146103419909132,-5.41624166178849,2
141,-6.673858795471654,11.463414948489344,10.91838570416922,-10.02613672451806,-12.52309601033944,1
142,-12.892950769207932,12.871312651367464,5.892765483546279,-11.057727866523708,-6.745815408127511,2
143,-9.711522664359872,12.891541532625162,13.712583919559178,-8.935074469987761,-13.075449424041157,1
144,-13.055640713144106,11.84277946150922,7.274945051280683,-10.404049162025256,-8.388645245509245,2
145,-11.28480802929612,12.882988093307038,8.146774870115312,-10.450240873502654,-9.214400330596645,2
146,-11.51184475413524,8.34530933657777,8.402474429661776,-9.830463255624306,-10.713751508593141,2
147,-7.5689497239253045,11.645537844690153,12.152428434179447,-9.743110869218839,-11.941908937099752,1
148,-6.305250923724056,9.725588923536145,12.097782472963377,-9.878399744906128,-11.84565097265332,0
149,-7.128126941756069,11.234074161890538,11.221853037578665,-10.018677282479661,-11.718705549816887,1
150,-13.104437063717842,12.277275854512673,6.01444224386117,-10.845495229485794,-7.402263283826947,2
151,-12.013444890638056,11.461419229121878,8.274633002755987,-10.197983989353974,-9.322033490944541,2
152,-12.498649513032275,12.490146500023947,6.984046925715295,-10.653085509330648,-8.06320803651268,2
153,-12.489018310308717,12.139699587730126,6.986550624434727,-10.770344423773645,-7.301496687463672,2
154,-7.717062604527167,13.587737458448,10.049922236443921,-10.244753620693489,-11.936308642001995,1
155,-10.527379086537238,11.659398163094044,10.519769162745494,-9.807968270135877,-10.52754377808742,2
156,-12.954742185445774,10.556842111819192,7.928235859002678,-10.45592781719341,-7.062346845692967,2
157,-7.793966904300792,13.463038785057815,10.597067251435366,-9.88597612977286,-13.224532513350693,1
158,-13.392910642793801,7.465417602096819,8.644829133139165,-8.952107953060132,-13.257125398216747,0
159,-6.756028900185241,10.453830582894394,11.360010648234354,-10.163310832527532,-10.865701278908618,1
160,-12.79345849820318,8.817161100058666,7.778157197921028,-9.556627299172941,-11.847116625138566,0
161,-11.949484788314516,7.75727658454529,7.981666981450044,-9.526878292277253,-12.261519141420816,0
162,-9.595561138605778,13.748574108528153,13.233351228158966,-9.018192049395681,-13.526676036149974,1
163,-9.296746963688577,12.393061558995758,13.446154298311512,-9.083443303370133,-12.77888113933793,1
164,-12.68773340159343,8.445951455417463,7.720916500680182,-9.507462553887745,-12.167083538632852,0
165,-7.693480725868797,10.826616657574657,12.402976217381967,-9.812349327107384,-10.895054969464233,1
166,-11.827855703523298,12.589350295178233,7.758792539363187,-10.59127814629693,-8.234863116683366,2
167,-12.708233702423207,10.939634162915889,7.884562627694717,-10.445826166830408,-7.528060516055066,2
168,-12.467546656665432,7.676756082269851,8.964315272037425,-9.36666143140804,-11.54969590166276,0
169,-12.335786860487563,12.925311490549074,6.653465898987177,-10.875614178540651,-7.4810068012966315,1
170,-12.513687963119276,12.751663357312724,6.579271597742685,-11.125037631348652,-5.941350011895224,2
171,-5.616999137538217,9.961482907419095,10.049587977164633,-10.698498726809518,-10.257131971012457,1
172,-8.96063563397916,14.517408821092317,11.375087878187509,-9.766542874592448,-12.250490884333297,1
173,-11.697429202048866,8.857860133170211,8.339376958866549,-9.9095782295117,-10.3274322101094,0
174,-7.066528862914125,11.779283853517514,10.767114822923498,-10.350124962658418,-10.602354550979076,1
175,-11.356586167146041,8.244882813351063,7.185811674025912,-9.888830431143774,-11.843974015262354,0
176,-10.064156211642468,12.248357229423235,10.33669515912554,-10.047928238682651,-10.024883456305048,2
177,-12.14150788679176,9.0814691683148,6.995452573092864,-10.02799806299561,-10.788623948410486,0
178,-12.136748393407283,8.084206779279109,9.341291881582446,-9.501066554174114,-10.834227271141854,0
179,-11.922367371049235,8.193129299716457,8.964052846002616,-9.593345544164796,-10.975655811189535,0
180,-8.053854409669336,12.06264385658236,12.280044473971618,-9.676603547593619,-11.839943490096516,1
181,-12.505809688330753,11.500738567188115,7.789725799060111,-10.14970282418605,-9.66330865839204,0
182,-10.863815255223894,12.825708910923012,8.87000834850843,-10.289440635004121,-9.704511307675677,2
183,-11.98846375254037,9.5734074159028,8.493604573176091,-10.060575750711916,-9.26403401818501,0
184,-10.312258662776063,7.433026025657705,8.287772237284825,-9.90665697648182,-11.276954818294069,0
185,-7.506458937235074,13.269550543105932,10.161838791960284,-10.443608906726245,-10.80246956914719,1
186,-10.08520462485228,12.275548362649145,10.285801274554021,-10.121018431523122,-9.660950683117282,2
187,-11.593839487218148,11.05065031384471,9.282873909864643,-10.321683229078184,-7.793402735906456,2
188,-12.586622132656933,8.231741225416739,6.989869722559762,-9.483286344667924,-13.135171332902297,0
189,-13.377363153169114,8.972600357387618,6.931530401745219,-9.593685535552458,-12.058791629202654,0
190,-12.83008938166821,9.123171750302536,8.71583954513578,-9.664112412097868,-10.277894092168369,0
191,-11.787954736378934,9.164776773505915,8.64417644969623,-9.904658720059142,-10.031147170693433,0
192,-7.67566488017432,12.025158457103782,11.53887665197699,-9.8237986878938,-12.185805511808054,1
193,-7.881912641238464,13.397107200559603,10.607919138425249,-10.149672825338126,-11.633018771157559,1
194,-12.221045709656536,8.746595126807653,7.532866815310135,-9.858956428322207,-10.957024787390454,0
195,-11.250278839802403,6.911403281409144,9.358797291871872,-9.46655383223547,-11.484525707612082,0
196,-12.275748710380597,11.261233092526211,8.239783392455944,-10.525395666741105,-7.2133304512306955,2
197,-6.671990219056813,11.576577052700724,9.863995911194806,-10.717818981946966,-9.856830165398122,1
198,-11.75852736059956,8.19872448965929,7.097009597888308,-9.772255105177514,-12.190566272819048,0
199,-13.524244557994479,7.800845203842046,7.869999202494712,-9.009611103196827,-13.770073975194276,0
200,-9.508288755004884,12.365433852166278,13.704945438821923,-9.103985512729906,-12.166345877714557,1
201,-11.750726961063412,8.29943559436985,8.914262413803685,-9.741045126358392,-10.404961039263913,0
202,-6.2380161086024755,9.138408235926194,11.642526174987097,-10.321290585604295,-9.747370972712897,1
203,-11.208528286916643,6.766214479247029,5.770122121099833,-9.50751129918659,-15.198673982190464,0
204,-11.915555018077882,11.97752974258924,7.974935407046646,-10.6681995441599,-7.2852586605345655,0
205,-7.401378950694615,12.360175292364794,10.894963904494618,-10.00011345439743,-12.281844142743692,1
206,-11.538110523850985,8.5306698566345,8.602600762107855,-9.807873774409737,-10.654174537104934,0
207,-11.65160352490194,10.78655653241376,9.474621829906063,-10.145967236694608,-8.423354322615012,2
208,-7.079952572685038,10.835480807014061,11.40388184807876,-10.006438019640122,-11.5046715537898,1
209,-8.029169503603276,12.414894250086213,11.13069307331294,-10.329456202474987,-9.594276260454595,1
210,-12.096021898950564,12.365357885445395,7.755473116575512,-10.589464024580638,-7.917778285754244,2
211,-9.10905206713664,12.918929427553078,12.91831069107457,-9.027998706919625,-14.020244441393709,1
212,-6.797553806091436,11.930940501597355,10.099258724737803,-10.730892706258452,-9.51804164713175,1
213,-11.529454508932123,8.990497541393461,7.14112105913575,-10.03920035559085,-11.126668304467033,0
214,-12.083923666042285,7.441761219695858,8.15614666502518,-9.34274657684231,-12.86696735968278,0
215,-12.321075481338555,8.697455982931903,6.046263985147018,-9.74916532988476,-13.094297076377536,0
216,-12.530182304825642,11.922710547152633,7.371574347802753,-10.62896965352951,-7.558045464759587,2
217,-6.767155413687105,11.966955186415738,10.133518616189104,-10.555215924260658,-10.502917971234154,1
218,-12.20737128400969,11.261463040321981,8.609093809410648,-10.033769653168193,-9.620014071143505,2
219,-11.807672923934467,11.868236649367157,7.894112658271048,-10.915280502927057,-6.062366782909534,2
220,-11.69927043509432,6.145963681784175,9.825078925426018,-8.95343085019089,-13.158688468259268,0
221,-11.377704728290283,7.314997381581488,7.881894454602535,-9.541320138651804,-12.699441627019102,0
222,-11.891311320872413,7.322504730066969,8.247474323557812,-9.387563827309107,-12.663329063468064,0
223,-7.667907963765865,12.235390137425389,11.191101556490889,-9.762770466287872,-12.984852621895408,1
224,-9.594720625176997,12.224929737779114,10.47218374564138,-10.241487239708285,-9.239392408680526,2
225,-9.475100870875227,12.413334836796503,10.43605334928181,-10.546133849477195,-7.752980248807998,2
226,-7.709502670107716,11.676462544445073,11.919362283022684,-9.947279098638154,-10.931976830784803,1
227,-9.136878171171702,13.446579637743358,11.963839443475113,-9.651375298938436,-11.730730083535779,2
228,-7.942065089548045,12.25085055259549,11.760971274998221,-9.688230885599959,-12.514761028156876,1
229,-5.082175100928046,9.710892692457886,10.17452693739987,-10.897574962931362,-9.442223139775159,1
230,-11.552150073789068,7.9389102980813675,7.585472051274961,-9.707054285617474,-12.132559168879405,0
231,-12.45592026240245,12.59825122345065,6.8627232139160865,-10.707805970040672,-7.967040919464937,2
232,-8.73523292871579,12.535257645355793,13.118626609102765,-8.838614342304881,-15.0948195471863,1
233,-8.172765941014491,12.66932336162822,11.461387566794844,-9.948611947900758,-11.301975514706557,1
234,-11.870989242850646,12.882791762578295,7.65580644331688,-10.415306549736682,-9.384540570022466,2
235,-9.289276334470273,13.298336992254786,12.950083244151152,-9.02361951728167,-13.958293040537422,1
236,-11.780577465185631,12.760108431952572,7.492218629083823,-10.714338098623298,-7.941279126496601,2
237,-11.912340791522803,10.631890966869678,9.584858166221018,-9.875026208086524,-9.514647722122344,1
238,-7.726383812753996,11.86781347164326,11.57432310500392,-10.096051497938424,-10.525835338537659,1
239,-8.151806874921261,10.991595869786119,13.149128900002367,-9.340477850165598,-12.32176679842135,1
240,-11.138553840624732,6.954131837645228,9.652519829027344,-9.39911304912054,-11.65964557650711,2
241,-9.877755666120422,12.69373704842922,13.701435717476116,-8.962422615892384,-12.710783435999465,1
242,-10.03972527896173,12.894237258724258,9.601601235918418,-10.409887724747609,-9.043209546732623,2
243,-12.572831651341398,9.734834878750613,8.520718673977703,-9.98607553881277,-9.138952374192717,0
244,-8.746329401054709,12.46115226718052,12.537826766963864,-9.298707238505413,-13.12851381195607,1
245,-9.143423040721142,13.756971345470737,12.091951130844198,-9.343665757377538,-13.402950820343776,1
246,-13.308185873850736,11.497546752780936,6.807215852510969,-10.731631437457736,-6.718033153357593,2
247,-6.495223243972543,10.889222146064066,10.778005062814008,-10.267809420361743,-11.314273393680725,1
248,-10.071661107097949,13.583593578859775,13.095544420581607,-9.11622818480637,-12.618148494734239,1
249,-9.840075208363395,13.570950622570102,13.173865954305587,-9.090150706101298,-12.896943188888287,1
250,-6.793177507922178,11.172602293292284,11.12494519953468,-10.063790264637428,-11.876494229560382,0
251,-7.697138555357396,10.229629025716374,13.264637837094643,-9.326609390484617,-12.464897747811534,1
252,-11.449637037869232,8.238023965396163,8.5339030875363,-9.785231497475564,-10.847247646525675,0
253,-8.665770578238806,12.721181065940954,12.50858544457282,-9.564090583065152,-11.839342608065015,1
254,-7.748400455780992,11.532861731095835,12.075478278823626,-9.996915817516262,-10.398971998325186,1
255,-7.978130249117126,11.12354150653159,12.34151522193279,-9.747020616198913,-11.148972122429996,2
256,-11.444993752213554,8.047103123251318,10.694026387034656,-9.569600488159944,-9.617700372702073,0
257,-6.907266574301914,12.58468324429155,9.48573487688605,-10.776622915756658,-10.04276126319778,1
258,-10.676242758587355,7.998492640504404,7.520797776565394,-10.060239523079249,-11.094194872906108,0
259,-10.000787836668273,13.425199747606127,13.652766074344154,-8.868170882606867,-13.408256667855245,0
260,-11.467117921525034,7.578845187500351,8.923749322527136,-9.556346031283232,-11.467710707653607,0
261,-11.444797285675122,13.466729157352047,7.901250977843894,-10.575672927212432,-8.81768742423443,2
262,-8.979533577134797,14.489489969262033,11.180056184958755,-9.967012462931075,-11.317719562839486,1
263,-12.21745368941312,12.783055374466992,7.2287109170872785,-10.7054904324668,-7.866778802829367,2
264,-7.748280840458504,12.037831591705112,11.760806525979854,-10.017806456625161,-10.791531258381617,2
265,-11.82453199430074,11.630885538489505,8.737597197715164,-9.940213507596287,-10.489737086480684,2
266,-10.294138339994984,12.873694287485142,9.201371159738406,-10.79814933006112,-7.062161413836646,2
267,-11.493506170828582,11.971316796759577,8.378734970159936,-10.492613892085057,-8.227033596005853,2
268,-9.598719029903492,15.402760925610727,12.346357828765159,-8.982494052694372,-15.232797118530364,1
269,-6.7262458848420135,10.589917428549299,11.413434918340013,-9.993721705113536,-11.827150532974551,1
270,-11.358142944837441,12.717707805398565,8.5039700083492,-10.32266132278048,-9.41014063146255,2
271,-11.524503806285313,12.420984869399701,8.285544106829246,-10.72203049560468,-7.162788559392439,2
272,-10.676880165424702,11.98797175809775,9.77680936086144,-10.170323311606635,-9.282230947051556,2
273,-10.838717076985796,7.799831491709664,8.973313307258044,-9.763451588407722,-10.933231525346441,0
274,-12.321994212459463,12.06299629746157,7.728482303778063,-10.470548663056636,-8.296503688428045,2
275,-9.780483228115953,14.612992266843143,12.174571960686446,-9.182301522263774,-13.875357218356449,1
276,-7.8431327618640925,10.9089340410604,12.755121513693862,-9.567758561201808,-11.756438774727277,1
277,-13.242566712314375,10.252868631696952,8.212234887167705,-10.254541816940932,-7.499464454313035,2
278,-7.119305379160702,11.738896398618667,10.874658172799732,-10.450262577687171,-9.860520072825917,1
279,-13.14965775126975,8.847963994551346,7.298284503596211,-9.534781651231924,-12.163713210670117,0
280,-12.886724510736261,11.671270135640933,7.161072054464206,-10.733203358561992,-6.782316688473987,0
281,-11.899646138984634,8.235142439138363,9.087119859076878,-9.515095531515897,-11.31292221110534,0
282,-13.196682332313038,10.774764474350118,7.290997021420615,-10.706879654097655,-6.198341182555618,2
283,-11.436791365739168,12.720735427223667,8.109889280228655,-10.448720755778028,-9.064579508779607,2
284,-12.02404574431296,12.496105792251507,7.624054356958979,-10.392738599613711,-9.273263245081814,2
285,-7.636090314094654,10.393528405144915,13.07606674423413,-9.346367936200688,-12.673763691859332,1
286,-7.835567598865533,11.94209763535188,11.6909940880849,-9.887640116085215,-11.480649361604783,1
287,-11.051969376056206,6.976750706202763,7.8020809283655215,-9.567163121581702,-12.847943520297687,0
288,-7.800435179606049,11.665732345423908,12.092976020593975,-9.677331285758726,-12.158159685404918,1
289,-12.567546042979636,8.688440614868128,8.851482682910499,-9.55283440481751,-10.863414446771163,0
290,-13.986370955413818,9.47969496290625,7.568573287973004,-9.514037881601366,-11.378925337330145,0
291,-7.041004161369333,12.035073052239673,10.276721203697027,-10.257704963937801,-11.765603063312234,2
292,-13.654470208603026,9.90228430613867,4.950334212102838,-9.883930311135462,-12.649973319477862,2
293,-12.833551675146708,12.267509150275494,6.899028165046228,-10.41626917312641,-9.08525945562263,2
294,-12.035908991630324,7.793902321385187,9.084567694638853,-9.443870350825229,-11.439998030773172,1
295,-8.438839095395615,13.467784749013935,11.049905033883178,-9.905867495286966,-11.994586448187134,0
296,-12.379087686035003,8.836266438858889,7.216423624472345,-9.731007167376616,-11.896743089942378,0
297,-11.852423575518994,7.090273949954619,7.55635857350265,-9.267355460055917,-14.058255912501256,0
298,-7.414130160384406,12.428937053163075,10.646056080880998,-10.389206581982412,-10.391483720941286,1
299,-11.07211194709055,6.187954644777325,11.98241565464351,-9.069575628149938,-10.753813390874702,0
300,-11.500932721084359,6.684872378054263,9.183456259933006,-9.238521414656551,-12.636897725196228,0
301,-11.434903353002225,8.516153452732025,7.551469954493715,-9.977066611357383,-10.96045171809703,0
302,-12.28359263992394,13.002775418190247,6.601003000513284,-10.9588579809596,-7.148917323633755,2
303,-11.957736321564308,7.194704276970755,8.843598425520707,-9.283937176715302,-12.48102039184041,0
304,-11.351224350967222,7.465367594877087,8.859737160813665,-9.581049028050568,-11.475300553734032,0
305,-12.070754054474857,12.374645954048908,8.11205314373807,-10.289334528875425,-9.229770562720471,2
306,-5.264466856314212,10.565937218242489,9.1968062548663,-11.138559883224643,-9.271642431881528,1
307,-12.054270072354182,11.40621622958134,7.913067552924547,-10.879601122402933,-5.854035113588747,2
308,-12.293759053745037,8.687893303873166,9.14256226500425,-9.576696694599338,-10.673603263760402,0
309,-11.750602396297484,13.152232922324357,7.88970601635231,-10.482717867404288,-8.95344370270684,2
310,-11.533588525654721,12.788487681277346,8.033831977558004,-10.763438425961729,-7.3181976598776135,2
311,-10.954924138347447,11.865521127451176,9.213417316733214,-10.546284542385283,-7.493827637888849,2
312,-11.763513290488785,8.011401669009254,8.020225072256618,-9.699123675906769,-11.517929226669661,0
313,-13.539605962245197,12.750339068905937,5.398580601452279,-11.07249878868415,-6.544475259052915,1
314,-12.311972627390533,8.625140415645342,9.984775377871326,-9.5486412167712,-9.8656568857574,0
315,-12.50671773032112,6.795792219493056,8.241377500407692,-9.118268508252703,-13.411405757473148,0
316,-11.798945345356575,8.366716771904741,7.529729053343317,-9.763583076899744,-11.777986722370633,0
317,-11.972955617325816,8.05311849866263,6.905459807690265,-9.610888206853348,-13.049300296585285,1
318,-10.412494024786682,13.202845822762653,14.910525062998424,-8.261972008191675,-14.942550774048096,1
319,-10.694055468854762,11.915952656415545,9.699328803078211,-10.273638982581314,-8.750403007760935,2
320,-8.932408389262596,12.415661948170849,12.673945906030252,-9.257789101429402,-13.01321253464516,1
321,-11.54440301141495,7.717955031816634,9.181336977890872,-9.514114681206463,-11.390526493454797,0
322,-12.023076003370475,9.816099461279636,7.709292727891686,-10.13130399444644,-9.77689387414506,0
323,-14.132361324065704,9.905439344058587,5.626669442811282,-9.657095748441128,-12.713243968562637,1
324,-12.487358260386836,8.309906968864347,8.193280221439363,-9.5467486843345,-11.577069682185257,0
325,-12.40069143967086,13.485770922532474,5.93494646307612,-11.17445067537936,-6.72010137454319,2
326,-11.573597922097665,8.703815638388688,7.399364496053819,-9.953022679878732,-11.188965674219126,0
327,-13.704075172969626,12.394569708606337,5.801352069688762,-10.832791986955222,-7.167271160295003,2
328,-12.094088229239356,12.48438274979101,7.465634667382995,-10.596351420064765,-8.238531032971856,2
329,-10.933623661305987,12.925889693178274,8.205422583069854,-10.843478229213824,-7.305057136052861,2
330,-7.72276846167777,10.787863598770869,12.984914607108697,-9.613746818205781,-11.323601912534489,1
331,-6.884557058865341,11.460994962978868,10.831805559554066,-10.426713812378273,-10.176045094209329,1
332,-11.106304727309503,7.174340536181241,8.572190816469044,-9.62298439994617,-11.699790563086971,1
333,-7.225397738954934,10.912546738565446,12.03823068210763,-9.722361074943391,-12.278476979705689,1
334,-11.429370798010881,7.275889686892091,7.546000978434382,-9.582370990387941,-12.777287438492523,0
335,-13.627595411041888,10.920338770360516,7.059211150478602,-10.37131378025597,-7.95986835809423,2
336,-8.38997252833906,12.385806079475266,12.307517157578042,-9.38936507647329,-13.194795649949683,1
337,-11.683907625680545,7.776538530637445,6.19427680263709,-9.661198835395085,-13.740449808760808,0
338,-13.460342193573876,12.791778567589148,5.534164893661085,-10.799205785703524,-8.01217640550037,2
339,-12.913814137603165,8.716828460171087,8.272697592014511,-9.488225395801875,-11.536623327658083,0
340,-8.97491754058916,12.958310812984509,12.462262139865992,-9.334456401392007,-12.951795974564913,1
341,-12.092802319582034,11.29397647914132,8.991572031577533,-10.09248042342314,-8.991990038958058,2
342,-6.486438747336708,10.657046389846595,11.738795270066396,-9.809510055649175,-12.751343249056687,1
343,-12.16425985154007,12.465554754842934,7.493452892886351,-10.4309173388765,-9.058579751403132,2
344,-11.862230936621268,10.279080120705418,9.270655354213007,-10.29657648844837,-7.439447636940576,2
345,-12.235788452736566,11.470405131933388,8.642356098066978,-10.239357563210266,-8.474600449750236,2
346,-11.59613930081517,10.8840404598133,9.528316980339323,-10.249695065198521,-7.86958070143622,2
347,-9.2541488446251,11.931263770127298,13.312688630837716,-9.081194856974474,-12.830480105189523,1
348,-11.223072698964314,8.063570293450317,8.509157915710617,-9.770528710589236,-11.118884940319596,2
349,-11.478354826843791,10.91367205529097,9.497970201168279,-10.431988326241633,-7.0075137030245305,2
350,-11.688897809868587,8.613077967869623,7.69656566215366,-9.882626738898717,-11.114769860939907,2
351,-11.940665535279901,12.130905775226173,7.989950327429503,-10.543353229877873,-7.991599246835355,2
352,-10.831323258092617,11.043168063985792,9.907771885950616,-10.4709446441967,-7.004617047708794,2
353,-10.55738825038844,13.71072755430859,14.208653305415922,-8.558334866817805,-14.083042229899219,0
354,-9.016748075487763,12.813381570219644,12.365618449182225,-9.621335789301835,-11.36804575609878,1
355,-8.134108962016272,11.742132118128126,12.546625039770904,-9.46667579675923,-12.53881898817394,1
356,-6.2073733481934,9.786805586062087,11.197292531907538,-10.48011477495029,-9.588571294318477,1
357,-11.575597006436572,8.526633567320442,6.665214088107405,-9.99505117155461,-11.703026776233976,0
358,-10.517402412847902,7.8558541331503555,6.487704488910413,-10.06587935893608,-12.306858075876521,2
359,-7.696860561394336,11.444073401489266,12.347193446587402,-9.518490673436592,-12.794352840941322,1
360,-11.929717022850495,12.69540983907767,7.192941199106377,-11.007326466732863,-6.4687854946361165,2
361,-11.715251089831831,8.98347836649507,7.2233013359467915,-10.032645336048693,-10.891395557838838,0
362,-7.663244220956401,14.126378390947082,9.42809606069052,-10.606159460272115,-10.826826603186506,1
363,-8.62642173145737,13.733347094963296,11.425335660533829,-9.597033666201854,-13.211838059110976,1
364,-10.965281891787667,8.229645044448183,7.485426569097598,-10.027383009135807,-11.112503913920026,0
365,-11.54702153960153,12.568777716406943,7.774627024807142,-11.08401008139364,-5.728360934460521,2
366,-8.483856856625394,11.654900386375724,13.100029566361968,-9.182424229808852,-13.152655456623265,1
367,-9.147862709477039,14.232406125467513,11.970719627973239,-9.123661992573284,-14.914765892460093,1
368,-11.164688094442887,11.50627956418121,10.088056670438364,-9.961684289411918,-9.479696698329501,2
369,-11.74801969107764,12.059448518013767,8.746854198745204,-10.20506800090587,-9.211603143943101,2
370,-13.154143809356182,12.112846058516801,6.3510609904104625,-10.994923791610335,-6.09584323828665,2
371,-11.127325298167003,11.903569490296388,9.661604304956537,-10.116590894234935,-9.24761309122631,0
372,-8.626944308380505,12.861027797162246,12.438668069461226,-9.369993747476437,-13.08341617994289,0
373,-12.652573723422908,8.392539293174456,8.257000952504637,-9.46781156347325,-11.81533374246535,0
374,-11.707180716611585,9.465949807339486,7.1885595117397845,-10.219668168169001,-10.047970786746797,0
375,-8.465938083187455,11.890964382284613,12.762965095425226,-9.386310518798494,-12.477754926599435,1
376,-7.958504428868331,12.941999836107806,10.670272245854699,-10.268196221895973,-10.681460867757995,1
377,-12.191686271924796,7.861015709892485,7.661540560283803,-9.508483215519544,-12.516492170983375,0
378,-7.531066176677701,12.162641753551375,11.606258960530468,-9.676204243885598,-13.120175873008415,1
379,-12.822748545639698,8.368620678389512,7.919854894862931,-9.417923708143093,-12.293308628115106,0
380,-12.551976150321098,12.287881973917012,7.328177637835907,-10.648975043875474,-7.590773969116311,1
381,-11.672940843980914,10.347373047806983,9.519218489019245,-10.429231857868759,-6.629222070421538,2
382,-10.831024923666401,7.927532834953753,6.715463355380838,-9.947635315435594,-12.437562511354649,0
383,-6.745107270829707,10.44240386590244,11.906425043354139,-9.841211652510072,-12.071013836632197,1
384,-10.9061939795192,12.311857208125367,9.26835306552941,-10.257574495011928,-9.237572001798503,2
385,-6.986258817294924,11.659760310093818,10.948089199472683,-10.271076325687376,-10.88375800798049,1
386,-8.148368898733962,11.976664783098576,12.162160787868007,-9.671462686842656,-11.879523810174568,2
387,-11.78004476432772,7.335692231483545,9.890682566406443,-9.331921790587597,-11.277353671959096,0
388,-12.389234054149707,12.544639420971272,6.912269952651748,-11.087540358667663,-5.837653302236489,2
389,-12.054729159816375,8.605472601614249,8.523169202405871,-9.705812154693021,-10.83776458296686,0
390,-8.130932689801778,12.597835245536677,11.757779911511227,-9.957832220372834,-10.941545716872138,1
391,-11.112546621734625,7.233348944094233,8.38106815836277,-9.59960281683949,-12.053796324726353,0
392,-12.286109383521561,12.44737355036097,7.0237551376897995,-10.695009142210923,-7.976435780270466,2
393,-9.033772938133271,12.645456726393217,12.453312645225239,-9.599900520725413,-11.320730883486494,1
394,-11.928695560188963,7.612759855661629,7.534454840382315,-9.487744701833497,-12.945817685275763,0
395,-8.914060906570699,14.042464872030774,11.25762080610901,-9.838044891593853,-11.87197423981616,2
396,-9.52728238983032,12.84433206347333,13.935872476250346,-8.671235841651487,-14.466451623077038,1
397,-7.733110443851173,12.47020595099998,10.85839032114834,-10.079660017660997,-11.593151091725534,0
398,-12.91741508057962,9.303114182383409,8.38129585310076,-9.626714636368835,-10.828865125962086,0
399,-11.908974197485367,7.468354755653698,8.387449553804467,-9.370907697923403,-12.632352233581766,0
400,-7.608117706976026,13.402455721110973,10.330474879559425,-10.178073942031242,-12.045452001751817,1
401,-7.762701386763984,13.087455561239542,10.884037374539085,-10.13028570680574,-11.452570993656755,0
402,-9.501907470340415,11.501509928478832,14.69449358310051,-8.588845994046302,-13.683311939177468,1
403,-8.60897482238661,14.14343808109996,10.66786869316205,-9.944062095087451,-12.255437862402552,1
404,-7.655883079105514,10.912223570855051,11.943344153940197,-10.047001627982638,-10.153588192619074,1
405,-7.7423230421003275,10.931356334683205,12.704566892085023,-9.461276925171699,-12.511534478846167,1
406,-10.271114482884276,11.453652891666565,10.6744936456114,-10.033179063969307,-9.279624230218005,2
407,-11.703366942561527,8.509000259391652,8.52651776711123,-9.875890332872828,-10.191474090554882,0
408,-11.338013411025667,11.60371282070319,9.492799587724747,-9.877231718373151,-10.470979795823649,2
409,-10.900549604733483,11.321545588863952,9.6794248714323,-10.43455590433078,-7.482276212021425,2
410,-9.755125301733836,13.022062198958093,13.685934595989828,-8.966497190292314,-12.929236589864098,1
411,-6.778133025341329,11.449684927090884,10.664914061402113,-10.548323813598715,-9.779180012957491,1
412,-9.22010641182294,5.489138254344766,8.053777851265735,-9.58214115173493,-13.774213011835883,0
413,-12.100097235094054,11.684969043805816,7.9960851823968575,-10.680743434936305,-6.919551339312541,2
414,-10.21547282780953,6.266739788641589,10.280678890000562,-9.453857285426063,-11.330991542802641,0
415,-12.126681927228287,10.944758160376583,8.906136317948635,-10.04504136149651,-9.205794677765336,2
416,-11.486715442833322,8.26033421326104,8.814040277259851,-9.792131519555143,-10.471817418126367,0
417,-7.158869496248356,11.855173624360296,10.568265787610656,-10.339967745223685,-10.813374582201817,1
418,-13.836000902434625,10.366231954503684,7.1304695655667985,-10.44957443018419,-7.064433001366549,2
419,-10.092004040371542,7.684640493691052,8.03509069999021,-10.131292426653497,-10.593402104525964,0
420,-8.964934814243652,12.401366123068087,13.168558780291512,-9.206760264160469,-12.718017531269524,1
421,-7.393373799286323,12.327828262554256,11.070676993371592,-9.904648256840256,-12.61919006251648,1
422,-12.401547185332337,8.306727469872811,7.676826331466483,-9.561801334652623,-12.143084823304925,2
423,-10.962949892984504,8.014178408144355,8.533488321167333,-9.860425239119675,-10.824730194907339,0
424,-11.408503186180793,11.202697517655885,9.325573646817636,-10.662097884075525,-6.072022573391187,2
425,-8.047678564091456,10.473852566559138,13.209324584740797,-9.186767120419915,-13.047871148155739,1
426,-13.44077559142329,9.208377430765411,8.492541796050677,-9.48829521819766,-10.944581476946583,0
427,-8.459913291744583,12.525019021381254,12.12954880030657,-9.502603800885709,-12.73534841927265,1
428,-10.638797251304096,13.032629192556168,8.405295141628716,-10.97693535331439,-6.658123260426546,2
429,-13.31357937735794,8.008454662279833,8.651619799305156,-9.062448261107978,-12.884739991563915,0
430,-10.6054092102412,7.968031276961545,7.912633445727368,-9.971159807646101,-11.219206332279704,0
431,-10.662076988093675,7.127467882517227,8.94112920529135,-9.719206191276403,-11.169401425115705,0
432,-8.574240276199532,12.63570682244364,12.310511342719993,-9.11688914262615,-14.61692268805631,1
433,-8.952108488369808,12.347516632571734,13.32335342741099,-8.963603203848608,-13.901374515530492,1
434,-12.367200363399458,12.161935231015644,7.5954573177928735,-10.830168357003263,-6.421729872709445,2
435,-11.590494263323777,6.523513599766031,9.925603940490388,-9.108198818412227,-12.409915295397145,0
436,-12.62703367314513,11.401165697798708,8.007781992564894,-10.144517810528576,-9.30326776733024,2
437,-11.587060664494626,8.12038922136271,7.972076849550989,-9.72584190219922,-11.626953793268154,0
438,-6.3123544487510195,10.013969250049149,11.182735275941795,-10.176673456580929,-11.272178868030185,1
439,-11.926350724046456,7.999804799374535,8.973187599122843,-9.542097583834058,-11.185774536505303,0
440,-10.689738232014376,14.973605571716648,13.142721860320751,-8.68135146968834,-14.848426524071346,1
441,-8.448414650305308,13.081967680849289,11.661774378077682,-9.668191521764221,-12.515605827531239,2
442,-11.188301340091455,6.4822021015821205,8.531066860595724,-9.280043450933691,-13.359032111308014,0
443,-12.661687651459397,11.728373792400964,8.530364031861982,-9.535796180737163,-12.201660104368862,2
444,-11.342334834564763,11.503407937388852,8.906365417529356,-10.40259862776388,-8.144220751563392,2
445,-10.195365085094354,6.452631706534434,9.397871370607175,-9.575101719174267,-11.704433524370714,0
446,-12.230856760140504,8.227924075863022,9.204874205495383,-9.423387194840863,-11.374008883597718,0
447,-13.722185768228819,8.409354049129771,7.244443922407976,-9.250854008407376,-13.115866286752059,2
448,-8.38422405073015,13.679167307153808,10.536492317146479,-10.096241624384534,-11.616703755558936,1
449,-10.976291628822112,12.840734260087821,15.710911307535504,-7.855822301621747,-15.670617383971031,1
450,-10.514843752274079,12.243129280594236,9.728744236869566,-9.991287305830115,-10.574117695651196,2
451,-11.68445054152319,7.818071889087861,8.705079976433929,-9.63163648523919,-11.155208351424964,0
452,-11.612870834850062,7.979930562143581,9.185197240526607,-9.59723091928559,-10.940297100804864,0
453,-11.729193800642557,7.3247942965012225,8.467004125864186,-9.393803161593166,-12.543951533361717,0
454,-11.850731083127428,7.7667583043206765,8.434671085404107,-9.500602027478639,-12.008087005069434,0
455,-11.857664235658335,12.691473419325266,7.749562328804592,-10.515514853461713,-8.672559628199602,1
456,-12.305937053512421,12.140286625012589,7.757448012128225,-10.73263696827307,-6.8405391541984075,2
457,-10.459375323960645,13.758265456825331,13.81999949397958,-8.987950782854758,-12.220029722326165,0
458,-10.033817386727394,13.91917170456633,13.272972365957227,-9.055054544754224,-12.909431588370683,1
459,-11.453478546489091,12.070421443697159,7.9902343384809535,-10.962509540357232,-6.099483841551014,2
460,-5.776195527300086,10.7482090499943,10.379293419554436,-10.286374254719966,-12.297335738003845,1
461,-13.352901963241944,8.560148727198161,5.566412754249809,-9.463136649853947,-14.181244515850853,0
462,-9.214088113489865,13.684398702865785,12.244333008266764,-9.435155557281233,-12.63245807980223,1
463,-7.280164247020807,11.836692249206845,11.586498328743582,-9.730692444614546,-12.974314187017134,1
464,-11.67923435240804,8.065735753962596,8.17557278310075,-9.760878283694757,-11.100692778340566,0
465,-11.775725902693473,12.008006363306011,8.223750083000315,-10.364828248665262,-8.851291060714807,2
466,-7.892220148689688,11.094391698434038,12.279037228885375,-9.725794975871317,-11.40979322957048,1
467,-7.831483937074447,10.962145863675806,12.493782343594845,-9.536660746540475,-12.246224504896277,1
468,-8.284617781987494,14.44747322970073,10.119473962154682,-10.307188472902023,-11.240784286149664,1
469,-9.424947831363049,13.247139895781572,12.775732249244657,-9.377040273259562,-12.027968852769494,1
470,-8.027595238273197,13.502647142704173,10.689321226635316,-10.108949185039002,-11.664520306606395,1
471,-9.646674862916433,13.99044074182558,12.24015368242392,-9.377336108273811,-12.641634346762427,1
472,-10.982684927243708,6.995575456192872,9.797443302334852,-9.432427074272034,-11.477690184107788,2
473,-6.491629234947942,10.223848244540516,11.487010932776423,-10.088479292638828,-11.324902546250788,1
474,-9.222129349254956,15.15776910575201,10.989356039726715,-9.801911726404027,-12.431705986791524,1
475,-6.544432584760542,10.66691080800156,11.514378793617963,-10.230800237212227,-10.59148777409557,2
476,-12.156006885058414,12.307328967914351,7.861746604169893,-10.710736232402436,-7.0466034187605375,0
477,-5.751771657846199,9.66216394124549,11.431930124935867,-10.179463390585672,-11.409528678740529,1
478,-11.96731822178675,12.092109777851997,7.95960291671038,-10.484933219100288,-8.313220849119732,2
479,-13.805751916485622,11.952177786558538,6.018244378295503,-11.0257092057122,-5.609841931331241,2
480,-8.17654395661122,11.016346607436287,13.063243353699072,-9.342094275486971,-12.391381807474335,1
481,-13.113972741286592,12.324183921263351,6.483013603606444,-10.5719309877128,-8.42112682140821,2
482,-8.298965807089571,13.906940216899928,11.049236991091004,-10.255496107018192,-10.318199073580054,0
483,-8.331249154483153,11.549287364842671,12.608961991460108,-9.57862770042111,-11.592319121114011,1
484,-8.870232224241771,11.1320980051721,13.616965315395174,-9.036761769607983,-12.856415204111908,0
485,-8.367516216941224,11.617364552832482,13.268342921586864,-9.163500748572005,-13.173255959270591,1
486,-12.356536217223173,8.799306501432104,7.683202875619097,-9.784528454855796,-11.093785241886051,0
487,-11.37112290261511,12.876450093151714,7.883438300732574,-10.93314352363726,-6.720495813696676,2
488,-8.796402688815185,11.664507251152045,13.039122661150177,-9.364368653227483,-11.904678624279983,1
489,-13.109270061324699,13.23978745339755,5.361293523268396,-11.485496014104058,-4.850656068545884,0
490,-7.140593541899604,12.250036960300847,11.010393395322819,-9.929387578531294,-12.76600380072399,1
491,-12.338911934839587,8.325037603731806,6.65533011848012,-9.60802725424385,-13.075320182771632,0
492,-11.394471371902334,9.134521115417687,8.290347485421949,-10.125742443498181,-9.554924232948958,2
493,-13.030557775238215,9.53447335932461,6.797392217545889,-9.76053662891145,-11.78977765670629,2
494,-8.839809189846802,11.92866055226882,13.30559579157498,-9.294723176607231,-12.043902999421713,1
495,-12.018190882629883,11.737535582062197,8.454687414598764,-10.30633839030994,-8.60288241864755,2
496,-12.018637190462343,7.0500642020240925,7.531458207017142,-9.264756202450034,-13.926910759716778,0
497,-13.463710580451213,11.455130735169757,6.325491951182963,-10.868787684882868,-6.3181221883084335,2
498,-13.24410037115107,12.419372792968822,6.129497240516315,-11.124659611773293,-5.626849733781571,2
499,-6.095838683810477,11.815666633119164,9.595839599232349,-10.458437968778718,-12.234107392528607,1
500,-10.778839108440204,13.058398343643665,8.95064999086752,-10.610966793413786,-7.976134384289455,2
501,-11.594550732297462,12.258131663354652,8.482969296394797,-10.093256262787323,-10.33890041210944,2
502,-12.018081290810976,8.197225162960248,4.676008845045619,-9.81534902441251,-14.363422370349674,0
503,-11.808148423083203,8.93208456519915,8.054610783088542,-9.865660960058307,-10.80339195436208,0
504,-6.640349548047066,10.861679310959167,10.71529980741434,-10.7039613368761,-8.797299960609916,1
505,-9.515672616766157,12.456314549259815,10.554091984159164,-10.394634423421802,-8.444352989384592,2
506,-12.335420395355165,8.291846935374394,7.412098513834917,-9.588445959225119,-12.344526988835147,0
507,-8.484125281883047,12.268968010642066,12.198842852962354,-9.46434614834909,-12.766930743221279,1
508,-11.351045322071915,11.2808641117236,9.30578464121016,-10.215157729063964,-8.671843550786456,2
509,-8.090298630108647,10.915697606896813,13.528125608439872,-9.050788385455109,-13.55822955925898,1
510,-11.36052926920829,8.582559467457592,6.083257435407261,-10.045514943266948,-12.286985934356078,0
511,-11.416681012694605,11.960205136740704,8.705650261326625,-10.252312672539569,-9.280510318946433,1
512,-8.892522970023002,13.390580188938964,11.806965375101239,-9.855695906509848,-10.979284462222605,1
513,-13.39005824075073,7.918073590486712,7.64847525127809,-9.081594581471142,-13.778870001904991,0
514,-7.462188568475391,10.545666760466252,12.785021184111573,-9.520673451293185,-12.236879411061668,1
515,-12.64284001173382,8.437060670191896,7.038396231110188,-9.51315657729021,-12.9268544886827,0
516,-11.619597256365623,12.194651616649834,8.400873375433427,-10.537097377284827,-7.904523156611605,2
517,-12.560929281542293,12.39875259417653,7.028884546522078,-10.679328715069008,-7.7776773897989075,2
518,-12.253270015218572,12.647259833874042,7.113365857795287,-10.707523158229163,-7.904025762774962,2
519,-12.24754314530255,8.958683741793287,5.605801338485565,-9.939571892227956,-12.670267548801835,0
520,-12.069791634583394,8.138266745492112,6.865187540632069,-9.704685867654375,-12.50356663716035,0
521,-12.385981658802084,8.789613011455096,6.13766956873571,-9.86281165417209,-12.325788176030958,0
522,-10.501473569584777,5.806350061734809,9.716221055693435,-9.23208922797679,-12.767094453016314,0
523,-12.754732832563656,11.812742501133423,7.534912318648643,-10.276995926108697,-9.093008448390817,2
524,-6.416794878048298,10.693650206446064,10.660235457875523,-10.33606334062993,-11.075062396452235,1
525,-11.919389169477148,12.310013797537719,7.526680248458426,-10.823201123756116,-7.016006301401494,2
526,-12.771081582209012,8.185906225622006,7.030935977959258,-9.42876051270426,-13.201969935134331,0
527,-6.722051204949429,11.786826161258487,10.29061421447139,-10.216085695065404,-12.210425982145866,2
528,-7.443948697380181,11.638158818039267,11.304353315076767,-10.017377336385115,-11.460899820531601,1
529,-8.873736624678559,12.230130668226483,13.483865178810357,-8.591901997372652,-15.83944395580552,1
530,-12.709290979224672,8.46267804293185,6.654461478769475,-9.61083398856637,-12.747769814537701,0
531,-6.892965132864867,10.773104654336294,11.212595666350584,-10.252864916122876,-10.498431565375096,1
532,-12.013762162467327,12.741287485153975,7.576864733611441,-10.662446933402038,-7.907112380105998,2
533,-11.56176055830837,11.239244300507686,9.295490405271899,-10.170528506510886,-8.71590427103352,2
534,-8.438269180338649,11.87629889054485,12.284174433636256,-9.70477428429959,-11.247135782022571,1
535,-11.37782584944154,8.283832588916608,8.213150868372768,-9.836453690127554,-10.99806901197697,0
536,-11.438614999396583,12.534604412571909,8.686701773374185,-9.974058255817939,-11.020294863286658,2
537,-11.521959292371207,7.836744312705127,7.770869680991515,-9.724124518245382,-11.829299472976448,0
538,-11.335393200953842,7.860271935544809,8.267940217561922,-9.73680322281023,-11.398917517660648,0
539,-11.043639200462014,11.154026621420737,9.984538432064438,-10.159323481787284,-8.492394551568104,2
540,-13.869439356386083,8.5537063988695,7.086893014813088,-9.092574107971949,-14.07823551192962,0
541,-12.267272655054676,12.463955881150167,7.3635168500650785,-10.602857815005178,-8.14094527353447,2
542,-12.996104723096801,10.713894014695812,7.929985670313075,-10.230634143371207,-8.330078448082705,2
543,-10.912054705170668,7.152502581056245,6.314588712828028,-9.676415462664119,-14.066167835917826,0
544,-6.929164025236245,9.81591740384727,11.988383259830222,-9.801336032549164,-11.82406541171612,0
545,-12.111368354231637,8.268104958254225,6.999124765084732,-9.63245521735676,-12.761546999823326,0
546,-12.224954669158425,8.46510131466726,9.793939596236353,-9.671380984781356,-9.42214754314646,0
547,-11.986486373666475,7.852766290288995,6.474177655615051,-9.62440234402445,-13.370773539163004,0
548,-12.132890526368122,7.624845714379716,9.108700737441174,-9.347504204309942,-11.803856191026126,0
549,-12.527265579109622,9.084337920368476,8.605962448541383,-9.748853278031124,-10.20484058366875,0
550,-11.439235500964346,11.873311202963727,9.077786252602346,-10.19108451897828,-9.163304442826712,2
551,-11.817315134437745,11.935076470243672,8.439667286282171,-10.284074799394785,-9.00126318180547,2
552,-7.81871217842738,12.086839679958006,11.560581628279067,-9.81824744469709,-12.074867482278112,1
553,-11.602113374016817,9.27502209626898,6.01727883633887,-10.119088315499946,-11.938817959144354,0
554,-12.371412419341258,11.785685431401346,7.879835798107346,-10.502726166802113,-7.813029155360633,2
555,-10.736848262724942,13.727398907831603,8.036355056464817,-10.681534522555031,-8.844316932081018,2
556,-12.159666293093343,11.894662982547912,7.958920674605376,-10.560465613757504,-7.642720534945637,2
557,-12.761423725287223,10.967013603229743,8.024283887133214,-10.2302246839948,-8.53655913744027,2
558,-7.947540705897368,10.344054191051653,13.193652690468248,-9.354339788208732,-12.183471504819002,1
559,-10.747199639331226,11.640170275819848,10.082158255954896,-10.065573876789385,-9.351503572444898,2
560,-9.215680402596687,14.281901833700916,11.560179879577994,-9.661645886583758,-12.31099590099883,0
561,-7.0575029693739495,8.82020808082411,13.252163812210183,-9.496503590699469,-11.691630704894479,1
562,-12.078737950503795,13.013586453453282,6.855281359021269,-11.157985263762791,-5.957441989791553,2
563,-11.538100196613087,8.190159981625717,8.152703439504602,-9.816844455306912,-10.989379826627776,0
564,-12.14009729755108,8.529019247446037,6.9117867300643745,-9.691995188560917,-12.581411034849467,0
565,-11.761157422366953,7.422316185826298,8.506123897269969,-9.427502771656624,-12.31321543814859,0
566,-13.399440585320175,8.300060129865233,9.44167138266517,-9.151961683426558,-11.526290762365331,0
567,-8.203104889127125,12.616038827163072,11.5979979844743,-10.019953311589413,-10.706539342088142,1
568,-13.6290721167546,9.608498203754683,7.727992172251184,-9.571406040768792,-11.269051728254544,0
569,-11.116263126828368,13.62030051465658,7.273541460662553,-11.012450518483467,-7.434277831667787,2
570,-12.726567709635361,8.835660169670897,8.217242727572733,-9.621964054531382,-11.06926454396284,0
571,-8.26476366003052,12.437181896281015,11.965656896201311,-9.806860075472315,-11.37548022740866,1
572,-12.451889700580985,11.395682628451672,8.08146540838053,-10.252784697266407,-8.784349742622519,2
573,-8.231178476002524,13.2221593764259,11.052826946622444,-10.16300900766987,-10.675574429290144,1
574,-12.121018591676005,7.430401177868598,7.433105022095162,-9.45493920447864,-12.996370372168649,0
575,-10.392063975717653,6.31146543201131,8.976594483258374,-9.457210542197187,-12.591594112107908,0
576,-8.313319336025902,11.84208129666908,12.355200612909805,-9.485334201611908,-12.504629100198123,1
577,-12.739713856357914,11.709266283003721,7.1419981874958705,-10.74551507550067,-6.888552654072655,2
578,-7.252374446678058,11.80429529695639,11.56874586451899,-9.826808432543233,-12.473127603889345,1
579,-13.686202954707873,11.596220730481473,6.584152799591333,-10.378379581664849,-8.604675974639639,2
580,-12.366131289120231,13.301384512645948,6.361581605116872,-11.232198834243876,-5.901740416879454,2
581,-11.523214210825325,6.192833491983066,8.200522947368714,-9.163575703184906,-13.957282751182834,0
582,-11.537579169746014,7.725531441116331,8.541002142008841,-9.628916413852496,-11.462791073615437,2
583,-7.509057633022018,11.46827874915719,11.416378230955154,-10.162198874613214,-10.410790513585876,1
584,-8.341370646475093,12.936763856599974,11.77638429092679,-9.787219396717296,-11.780773851670912,1
585,-11.495659615150181,7.446018516524056,8.681299967744664,-9.581517080605163,-11.523525200070956,0
586,-8.758394265213818,12.124318383839736,13.424159066552978,-8.825802995644121,-14.675276661955978,1
587,-12.91474895329365,8.354195607489778,7.0293162057865,-9.485675531420393,-12.801437376241326,0
588,-8.104308445967202,12.126534660407202,12.241868280462445,-9.98491244408452,-10.131132513326786,1
589,-12.247066217766633,9.24575917107286,7.066032987926199,-9.948657348542595,-11.105466095037322,0
590,-12.16557365958078,9.047801747970876,7.124117113730358,-9.950286077531336,-11.047191469745274,0
591,-12.659031061733506,8.55948126195081,7.727174240003055,-9.684994915605015,-11.232476580622171,0
592,-11.376573094437795,11.678024150795741,9.24130980656094,-10.178792312514,-9.049474825599876,2
593,-12.513538765008057,12.284510981342333,7.596899283023505,-10.496483771318458,-8.183104505378157,2
594,-9.124006281513342,12.096183621870434,13.225485139666574,-9.102455249296545,-12.986359875944519,2
595,-11.7787106392179,7.9289533139567485,8.638135056403286,-9.64639063895196,-11.091293430382311,0
596,-11.691800176771952,7.6197388409136195,7.220192619403834,-9.589201520422005,-12.955488009287116,0
597,-11.457914783196195,7.173076900157041,8.890268129035604,-9.356595024626788,-12.498739359673593,0
598,-12.471169061523938,10.857084560569506,8.450589705566546,-10.177894281214856,-8.604278100895899,2
599,-8.054902738437333,11.292680466300796,12.188636024360994,-9.910158382167781,-10.386148983823453,1
600,-12.165783365073484,8.310827229743328,8.827922762986269,-9.591322892015175,-10.939973522341182,0
601,-12.308024220733488,7.602251173833739,8.153766786007427,-9.377619605462414,-12.510348178986343,1
602,-11.122087669863362,7.48800861241048,8.378969057755079,-9.654485006884636,-11.822364833110875,1
603,-11.28390141868002,12.068955519326867,8.782232126295387,-10.4714543689208,-8.134838450325297,2
604,-11.69094046719207,11.368218798768918,8.820056044614953,-10.3256746213982,-8.28923161381224,2
605,-10.443172673949062,12.064273926694083,9.568028950122878,-10.477147002659782,-8.047543867305595,2
606,-10.624687595361634,11.94069484772535,9.823480174616456,-10.13785452454311,-9.447385982238222,2
607,-12.189806922275555,8.816477975463405,8.018295798188598,-9.783733583279227,-10.895776287179723,2
608,-9.903990764928228,14.264071090014092,13.028254688068715,-8.823572798150032,-14.708682207787714,1
609,-13.76823879952411,11.724575276191963,6.728611564133187,-10.324845345470022,-8.707105188283816,2
610,-13.701969921923947,12.245307397066457,5.541653187514637,-10.92761127959178,-6.877145616027487,2
611,-11.671850403883806,8.157170541215647,7.853385939378085,-9.736071146152655,-11.630508395464256,0
612,-12.811330382318705,11.015095102162311,7.73449388697397,-10.752245286354079,-5.905914336183647,2
613,-8.92078268374827,12.397771598938789,12.677620665152286,-9.245023696695702,-13.085941446699742,0
614,-11.986523780449676,12.172700141103476,8.135456994496595,-10.583787744771438,-7.57477042976544,2
615,-12.115275718505263,7.535116844759047,7.122064171954396,-9.437556794057581,-13.475131672612516,0
616,-7.5195061951167785,11.03628330973924,11.950172378870084,-9.821453271740102,-11.577935004503786,1
617,-5.938756116853597,10.376151134291106,10.391013707284603,-10.885440236828337,-8.660193665263868,1
618,-7.0057850588878745,12.003059308535718,11.021508924044563,-9.980081698380477,-12.52086416999779,0
619,-10.568936518643131,6.884174497866242,9.711905394649712,-9.679689998723006,-10.55328532712117,1
620,-6.402020509075538,10.62282431817415,11.2482001416603,-10.056646414046952,-11.980704555277988,1
621,-9.06859154728895,11.400314288027632,13.986959768629188,-9.060559006123729,-12.211432906940631,1
622,-10.995476381390542,8.1819904623784,7.9910883192857005,-9.909054259716596,-11.1726983650482,0
623,-12.00025775898565,11.889896434594268,8.371678387213377,-10.28964634789902,-8.85394547785691,2
624,-6.372724107396346,9.578813507539461,12.087395087226117,-9.753688752564239,-12.44153219086927,1
625,-12.419442789674893,11.75538392947317,7.50015217324111,-10.709722875547678,-7.018141600682501,2
626,-12.700206392372383,8.869137088563473,7.828180960181986,-9.634915773207277,-11.461301612005297,0
627,-10.515384205204697,6.014282341110215,9.538102140691416,-9.301141143986529,-12.630921917901167,0
628,-11.98239912022745,10.950738156427413,8.666122976306076,-10.420399749684858,-7.51359661582871,2
629,-9.38753673374777,13.22987321636575,12.831663214185117,-9.177061369515307,-13.114369807122468,1
630,-11.962828398983726,8.15774410999346,8.134574705476284,-9.716897326729764,-11.147731382760844,0
631,-11.85093322538182,12.967248495322883,7.599585003523156,-10.666353826050923,-8.090193174158728,2
632,-12.391854737801653,11.534182100123035,8.010212149725596,-10.446948719498478,-7.880386097155391,2
633,-7.083292494747567,11.380264346082672,11.224248952228868,-10.138324926912025,-11.137889700046486,1
634,-11.437418200259756,7.452720333013334,8.218264812751016,-9.473266353516628,-12.696342531362045,0
635,-11.483769786865944,13.00938262887193,7.8161104474496765,-10.468050334303632,-9.327676519352572,2
636,-13.506019122971868,11.717813701458414,6.186354374318327,-11.151802250004444,-4.933735001647188,2
637,-10.999753549347655,12.106578346821989,8.841947554920262,-10.794755337611605,-6.548755216927444,2
638,-8.801294139904662,12.597272309820658,13.101690749944428,-9.082893239826229,-13.704762150288058,2
639,-12.4103579739307,9.097291887436661,7.190430641402761,-9.842140050064353,-11.358386386778726,0
640,-8.947833881901772,13.61541415596486,11.82211792091233,-9.488484621181648,-13.03368220745895,1
641,-10.727181069200693,11.97713214921044,9.35474233682382,-10.371958300762973,-8.568036257246959,1
642,-12.39290658830222,6.805059404787748,10.025047074903501,-8.984518741698599,-12.308484464901792,0
643,-7.566379750775185,11.471817368120034,11.641757362306763,-9.796008991203028,-12.154802175329028,1
644,-7.48830778525581,11.530410677420498,12.064024367149631,-9.53377850644137,-13.249558070425973,1
645,-9.120445841842715,12.795148195199438,12.548880265198468,-9.334780830100021,-12.661676447779401,1
646,-12.11875170382337,11.720245599711541,8.067980219809723,-10.44943141066578,-8.126339553817516,2
647,-11.143326362118126,11.782816735452231,9.704447918335608,-10.101994451434802,-9.227646230971752,2
648,-6.810135886507066,10.613660353039183,11.245016114252666,-10.179733315880622,-10.899858188659977,1
649,-11.768485268748586,8.120605357195512,7.1713666555088915,-9.65160796278643,-12.748086260446112,0
650,-11.790471584643992,8.968555718376686,7.967139008551544,-10.027641349967553,-10.023355725096527,0
651,-11.104636717163444,7.363470903377564,10.409785780427852,-9.472992760365411,-10.578128871851968,1
652,-11.446862270455965,11.976172351171055,8.303060577838567,-10.504138833626449,-8.292470922338916,2
653,-5.142548052221317,10.24877517608406,9.339242092745277,-10.955075392030414,-10.155454779456791,1
654,-6.310405411269269,12.100511741029973,9.843865854230604,-10.714320744639151,-10.416240921613108,1
655,-12.37636010091156,13.363103065012261,6.2210142402786355,-11.369318327705887,-5.300286195990333,0
656,-12.02525606327162,11.157022023257767,8.571323820042956,-10.2178330949641,-8.775029101684133,2
657,-9.580609402478931,12.133488295889578,11.297935804042279,-9.96732532944698,-9.846681717391471,2
658,-7.454499553608048,11.120469058936717,12.010304214796601,-9.810323790984173,-11.663792548598781,1
659,-7.326328552980212,11.390913669318738,11.660976874548302,-9.86680823926722,-11.943463085756676,1
660,-7.05976532980312,10.668122566045376,11.48106485767992,-10.297238029073121,-9.760285766628957,1
661,-13.165086639561597,11.40606460527856,7.3715529853337545,-10.678827133295384,-6.500512379781201,2
662,-11.742211865810146,8.075597123357962,6.9705685338331485,-9.770774200220773,-12.314023069885348,2
663,-12.109529427874953,8.298629726726853,8.553468108637926,-9.552354663735459,-11.510096228670552,2
664,-11.260450523054349,8.41299949485888,7.458670481737528,-9.893989732911045,-11.661784584095104,0
665,-8.559190763965564,10.917738823698077,13.707137963720868,-9.186674633872547,-12.15034133370742,1
666,-11.218243990386561,12.888768236751375,7.713900738223943,-10.857520519928284,-7.481067454422957,2
667,-10.244630598741503,11.698051948161307,10.221853039727787,-10.411532283758163,-7.767983577846166,2
668,-12.182506443382689,8.827202688902982,8.927760574876721,-9.667221790901031,-10.556396890264582,2
669,-7.13133261321547,11.38770553994876,11.477552752467197,-10.08093989958057,-11.135836409929578,1
670,-8.276728300398588,12.501957978724853,11.939725849779894,-9.537930985290258,-12.916095460723314,1
671,-12.91445486178797,11.016102563251948,8.306404081514,-9.875258963951595,-10.077788700255663,2
672,-12.108608669620926,8.577527590499079,9.40580149772105,-9.673234584220378,-9.98743072396025,0
673,-12.697655166665873,11.557346652449832,7.277453203214548,-10.772341185645024,-6.581143845310743,2
674,-6.972153592950701,10.73618375892151,11.74549621451784,-9.996607511746127,-11.255576311545369,2
675,-12.335059401893961,9.153264989220697,7.118479158071202,-9.917624637313658,-11.106454380307541,0
676,-13.668066998622914,11.439031508656287,6.930765833023557,-10.359439342182649,-8.295835802119532,2
677,-8.613605119679672,13.270624390688742,11.392175515826269,-9.742726357115094,-12.297356157403483,1
678,-12.34441798688453,12.689916219324248,7.067788635610347,-10.62523206959026,-8.339862580792094,2
679,-11.030591281209615,6.009451952834613,8.21684471748701,-9.245009165713176,-13.900254315760243,0
680,-8.935438894878263,12.647313238072469,12.539898851970692,-9.409480529334493,-12.384905319358003,1
681,-12.153897841363928,12.634383909965106,7.666055853763002,-10.558386513767317,-8.220789069487083,2
682,-11.665419432022684,6.366640129447903,9.39210426464034,-9.12803991378271,-12.763342094502178,0
683,-12.702409935807973,8.570413758505692,8.528079592077047,-9.569920885884676,-10.955728986266024,0
684,-13.058918394167442,12.711963760858975,6.275103830255047,-10.655344484760576,-8.362008356771717,2
685,-13.341267250774797,7.8095121956092,8.312656483865151,-9.037680582750912,-13.305322624724964,0
686,-12.408975781414206,11.483558439086199,8.094699025929241,-10.241050540521847,-8.905083294635837,2
687,-8.72085960120298,14.13936715330404,11.203174760359868,-9.569139159221494,-13.65207604501807,0
688,-12.920951923711154,11.226756832942309,7.290666810493998,-10.600883085898028,-7.202696932803672,1
689,-10.896768626701471,8.160866880018357,7.722030825083216,-9.992769397400293,-11.089415857055675,0
690,-10.61163053451877,12.808750140407696,9.002560492973442,-10.568731351604391,-8.235757076714675,2
691,-12.860344554814219,8.8513906500549,8.849945221396709,-9.493941989540733,-10.964348907173955,2
692,-9.368719818677494,13.67776565356864,12.393590314700122,-9.555514564379449,-11.644372941282915,1
693,-13.188127074186474,8.735714065823789,8.850766326090728,-9.287472750426627,-11.76371716584404,0
694,-6.017934924872177,12.312901988759432,8.994326583613882,-10.781417360091975,-11.326864439674221,1
695,-11.589279114777206,12.368209902227575,8.5112925756674,-10.252236733326129,-9.459962274909714,2
696,-7.01460245697724,11.85198859583166,10.520284374712107,-10.344477129883266,-10.979095501934497,1
697,-11.457852903859223,7.412314993812695,8.641085005294375,-9.476411087990936,-12.180689646472587,0
698,-10.876580913302128,12.960318625945103,8.437737387755703,-10.747270315505022,-7.653090128017814,2
699,-10.422292039240839,13.823864658752598,13.485229245414592,-8.950873651090266,-12.852567904436386,1
