,Unnamed: 0,Var1,Var2,Var3,Var4,Var5,Label
0,0,-13.631926072596476,12.573362430175434,6.08898408987891,-10.642814625167722,-8.039518616509415,Class3
1,1,-12.91853937050569,8.928074734237882,6.252582137730042,-9.658388005224303,-12.872627863797284,Class1
2,2,-12.81765987539025,11.985210835068742,7.387556380814687,-10.210011555283153,-9.624412379007026,Class3
3,3,-12.668942760494964,7.622252628393186,9.482878191137754,-9.135697228056763,-12.05775214459242,Class1
4,4,-12.2920294252819,7.903124820634771,8.811844648326417,-9.402878891791834,-11.75740912178336,Class3
5,5,-11.5737271842616,7.462946432654896,8.74773965116408,-9.486218635679531,-11.913080432192489,Class1
6,6,-12.922966710470462,8.602950017882062,7.183115689655341,-9.572737988392852,-12.21798389838583,Class2
7,7,-10.662989553932755,12.31061688483423,8.774795289217721,-10.567940005113794,-8.280660654123036,Class3
8,8,-7.965428746175556,10.38700032769116,13.469741975443675,-9.349334694303131,-11.904183397497215,Class2
9,9,-11.669179946477607,7.07800583292275,8.17603744591798,-9.413247323589468,-12.733816745152811,Class1
10,10,-12.425748932327584,11.372961316225176,8.436130038894756,-10.342306968451764,-7.911668544242493,Class3
11,11,-11.91910677676211,7.809688986117651,9.444679007256102,-9.496679839291318,-10.8663247135861,Class1
12,12,-7.342286760840816,11.257334840558656,11.826145861619883,-9.783374386915884,-12.169424295422065,Class2
13,13,-5.931233077520159,10.392014682230911,10.349835526454903,-10.499799610767386,-10.872771188237063,Class3
14,14,-11.542562881123864,12.785429415145416,7.784224882765265,-10.636950692132814,-8.290054137329125,Class3
15,15,-9.595063854611372,13.07353350384896,13.543023077337246,-8.786623685120091,-14.262591195558068,Class2
16,16,-11.855963645095557,10.820544374574029,8.926913237706403,-10.322538645630644,-7.853361170593034,Class3
17,17,-10.128119044762304,8.848655819705165,8.584027879953931,-10.381344161968627,-8.932600247187741,Class1
18,18,-12.622887972849412,9.35290264136849,6.630858106397717,-9.847147097786925,-11.823716402147086,Class1
19,19,-5.7898272419969885,9.59061452387964,11.331609069848897,-10.40621211532927,-10.193131170297022,Class2
20,20,-9.237053561368349,12.357966845406024,13.394300348901789,-8.990729968797691,-13.400267280513326,Class2
21,21,-9.74195106077812,7.424540509143113,9.683846342000813,-9.965075282128604,-9.961353651065377,Class1
22,22,-11.164374554828807,7.444121949286169,7.391139460469831,-9.794478606862429,-12.072339901449082,Class1
23,23,-12.843236465817752,8.421949660333922,5.579590256765197,-9.55678129041131,-14.090451607620398,Class1
24,24,-12.340083874593612,11.683551552185255,7.71640845817542,-10.715720078879242,-6.799997414910362,Class2
25,25,-12.21919559192042,7.786234380916474,6.269786031752142,-9.549493462056317,-13.768401276105749,Class1
26,26,-10.84117391152188,13.100275196512705,8.711405325347338,-10.135361922787796,-10.8504149185335,Class3
27,27,-11.77454871364792,12.956956895961046,7.404392331072585,-10.60746786046385,-8.704409167599637,Class3
28,28,-12.53688112866645,8.19264321209749,6.794998834899251,-9.602994500542511,-12.716096276666262,Class1
29,29,-12.142174245515951,8.646262346514275,7.864749409956418,-9.771853549818143,-11.122189963129028,Class1
30,30,-11.280655236198909,11.730840691421372,9.142878261314616,-10.345685262597623,-8.334781650318766,Class3
31,31,-6.471759547842827,12.671687650417248,9.498476145305398,-10.779533610003384,-10.460561373468224,Class2
32,32,-12.644029001833369,10.540543829761477,8.569884984764075,-9.8582035858387,-9.990552029121872,Class3
33,33,-12.356958286975134,10.750998570394575,8.83669518808105,-10.091397047483,-8.738610923854255,Class3
34,34,-11.18136144341316,11.276080537955592,9.826052947950004,-10.18626326776212,-8.422820974102958,Class3
35,35,-12.48934874596634,11.060406452778007,8.5982148847818,-9.794811235814382,-10.630442934575107,Class3
36,36,-11.711696371982956,8.066334888459878,6.716820132313471,-9.803714629266212,-12.43566841066638,Class1
37,37,-11.931595702888355,7.411857234801386,7.954250957694745,-9.436605686719243,-12.701968832871644,Class2
38,38,-11.324271796774168,12.598285860980903,8.252483516252536,-10.616489071584445,-8.03921618103457,Class3
39,39,-12.029284203512626,11.699080917213566,8.387358816975006,-10.210352451948706,-9.19023186008384,Class3
40,40,-11.98097856339571,8.990600192872577,9.059049497210395,-9.80111936255232,-9.910773417858328,Class1
41,41,-11.21933473202808,11.623089764627547,9.572001447924256,-9.711380090450522,-11.43126992577224,Class3
42,42,-12.409950952110597,7.567375384125959,7.987498649938388,-9.309611854713491,-12.9637997177099,Class1
43,43,-12.497292007751849,11.5127355736269,7.569979717326575,-10.717755003699349,-6.743070160216178,Class3
44,44,-10.858372441672822,12.525150473936645,9.295180149055266,-10.36667486309728,-8.71332687475036,Class3
45,45,-12.31348020349363,11.4267310480091,8.010151550010235,-10.315274081669395,-8.657159780770465,Class3
46,46,-9.230793241540036,12.715177277843374,13.000956483855305,-9.148378373432044,-13.073501807011487,Class2
47,47,-9.621777160097457,12.992815141540827,10.144882815934922,-10.606507945460184,-7.781501515014849,Class3
48,48,-11.95837306940622,8.962270865729462,9.5518028103352,-9.824032850500064,-9.25309558954678,Class1
49,49,-11.852732691658238,7.739489400352077,7.226707095305032,-9.555247971199895,-13.021453510943028,Class1
50,50,-11.708801785938547,7.1078552405645725,7.141302306948907,-9.466220551533034,-13.548018951288327,Class1
51,51,-11.396045791104084,12.021503290750635,8.774265586320556,-10.35898936673487,-8.648576933862914,Class3
52,52,-12.106291542516091,10.99493823745755,8.585022422728823,-10.498003854365969,-7.06398257804448,Class3
53,53,-7.266004498802525,10.934031359797215,11.512319212265778,-9.928166532754412,-11.675040653266867,Class2
54,54,-12.364455981077445,9.206502296965317,9.706675318164976,-9.693655357569863,-9.498292471359946,Class1
55,55,-10.235851760318932,13.543101512916229,8.577039749545996,-10.753393824520105,-8.271472234711599,Class3
56,56,-11.697892620463351,12.324161927895393,8.101384910861498,-10.437537161433037,-8.756709778394118,Class3
57,57,-11.758219880348312,9.710953322669056,7.160371337309012,-10.214549865332382,-10.137386031042183,Class1
58,58,-12.145205596988689,9.007633972945236,6.333111041305033,-9.964566106340598,-11.844640259340869,Class3
59,59,-11.99796118866974,10.602623700670692,9.34933998412695,-9.76253484685494,-10.310414930935044,Class3
60,60,-7.224905471388624,12.440332290641292,10.605513585391984,-10.291113759511406,-11.170401208492578,Class2
61,61,-11.44328353688778,6.709909602957596,8.513546792933047,-9.29226090166095,-13.137565431622372,Class1
62,62,-12.764514505564224,8.540353879832407,6.880345833071512,-9.545143906498108,-12.838024090227654,Class1
63,63,-11.75482838907594,12.311382775444176,7.933782610044409,-10.420012559873506,-8.980057669926317,Class3
64,64,-12.178043842107904,7.881541226211094,7.646466444371201,-9.52437555707095,-12.464056121394748,Class1
65,65,-12.65812523639148,12.521169678006666,6.604910712152668,-10.749128618886484,-7.799999688304474,Class3
66,66,-12.995416359128924,12.907388416175705,5.4572347578357085,-11.184948094408307,-6.427074315756984,Class1
67,67,-11.969788217540152,7.747954038400104,7.949978676662024,-9.45677450841636,-12.665532374679383,Class1
68,68,-11.823636385466964,12.698924578148269,7.710726580367607,-10.632531783989888,-8.096653992991502,Class3
69,69,-10.44785670395026,6.112856832228905,6.918560962344415,-9.50105540797356,-14.493732976012527,Class1
70,70,-7.785243117601426,11.639830782519024,12.294771441264109,-9.536582703294236,-12.728845450601678,Class3
71,71,-11.840546194771695,11.534703015159169,8.419356793195913,-10.480866060784257,-7.772452505212289,Class3
72,72,-12.668645866663114,6.808035173314396,6.511314087690368,-9.080826081114436,-15.37245004031888,Class1
73,73,-9.19883807451989,12.953113874367617,13.339119783159642,-9.199587493296065,-12.522741689487807,Class2
74,74,-13.0190887152429,11.192735736998074,7.17212970757627,-10.886015415511578,-5.634268707612236,Class3
75,75,-13.16304778780037,8.358376382099998,7.911203545159459,-9.330916531887928,-12.457502304835431,Class1
76,76,-12.00660642780912,12.21787689565649,7.674626029003186,-10.349890336385467,-9.384120340480644,Class1
77,77,-9.163349380915443,12.146043054413786,13.58268333046746,-9.017413921805495,-13.046570594553572,Class2
78,78,-11.555688218556837,12.57711671900702,8.48997224429124,-10.409557178495271,-8.704122382468942,Class2
79,79,-10.836642810879132,7.533961350580476,7.936885103520687,-9.845930530615188,-11.52926489766627,Class2
80,80,-10.711514033595847,11.70091013892106,9.315084600069568,-10.729598275240846,-6.539282600473629,Class3
81,81,-10.55023373953451,11.643863439387037,9.686408786718582,-10.488743917299958,-7.613613742331436,Class3
82,82,-11.28914904700249,11.995456663360264,9.01440045422585,-10.228290970198296,-9.209307376646931,Class3
83,83,-11.965024647634545,8.833804355676182,8.720903204630423,-9.850285462530785,-9.973012428304395,Class1
84,84,-13.103876293946058,12.32258091110218,6.717370743477955,-10.529437498970488,-8.409867689698498,Class3
85,85,-12.4946474225897,8.746914777843177,7.685406428235979,-9.754400291368812,-11.109611397892994,Class2
86,86,-10.3642298589787,12.208196049883709,9.652261254755444,-11.021324140111991,-5.036636273484475,Class3
87,87,-7.964872904387562,11.417677473895424,12.35285739997123,-9.660328280395651,-11.728558836694072,Class2
88,88,-7.77138701557527,12.37000579965254,11.174741010038671,-10.131125613831482,-10.88817464768433,Class1
89,89,-12.024835632900151,12.344221009080814,7.461771951754229,-10.576420245828832,-8.375740616992541,Class1
90,90,-7.20560120823173,10.236471174975875,12.569391613675329,-9.623236384835096,-12.048838465213809,Class3
91,91,-12.025696364667189,12.280604825110553,7.521272799063187,-10.589017211604926,-8.218519345364978,Class3
92,92,-8.371851028507656,13.535369355146562,10.756781272965508,-10.28287713436764,-10.296934059249546,Class3
93,93,-9.703698344932224,13.423770498999552,13.149423328654958,-9.050614104151965,-13.228828499271664,Class2
94,94,-12.858954881034844,11.313979737938924,7.942092689639259,-10.153560250570152,-9.07323936640127,Class2
95,95,-12.239666321508814,12.95091870978724,7.0923594340914935,-10.783415963314638,-7.614124709225567,Class3
96,96,-11.121082761144812,11.581352651733798,9.290188635389711,-10.411084433352904,-7.912907309656679,Class3
97,97,-11.622918211496277,12.972454930284464,7.282598814993349,-10.783991703102178,-8.003308336850873,Class3
98,98,-10.92340590980882,13.338101981451988,14.599140120867416,-8.551545846248429,-13.218037187831158,Class3
99,99,-6.543716248449699,10.845126616363086,10.670164362286474,-10.599972239048096,-9.515905709724985,Class3
100,100,-11.087591215687231,6.180732934418572,10.062839058584938,-9.197464782313894,-12.134553521867868,Class1
101,101,-11.336056256306096,8.767349142840464,11.40694461392046,-9.845149789726296,-7.630725729659728,Class1
102,102,-12.839809833165695,11.39888763927343,7.39692154236837,-10.28896155461586,-8.962487433223894,Class3
103,103,-7.392296067329735,10.296081449791595,12.20396406091204,-9.954130571180198,-10.44120786122967,Class2
104,104,-8.95263518435876,12.793268936271778,12.03545646580256,-9.357039838591165,-13.26359327180544,Class2
105,105,-9.06247270362832,12.589747975781387,12.964923293995684,-9.5767749188528,-10.84124512808955,Class2
106,106,-7.711183229391261,11.778654405496257,11.761271813664091,-9.914610168217488,-11.319850950374464,Class2
107,107,-11.791756701007564,8.086585558244074,4.854501934238608,-9.801581041374902,-14.42650900967946,Class1
108,108,-12.080891726891448,12.21172323167096,7.565688211924519,-10.6125290626293,-7.96280879575144,Class3
109,109,-11.968153865277555,8.042558999305506,6.368782884276247,-9.64644599119765,-13.442483409732723,Class1
110,110,-9.35356367437764,12.383608880797391,13.323920062444513,-9.2216566921601,-12.083251952252349,Class2
111,111,-7.038989871383915,12.3028688049935,10.274070580020616,-10.527176367096796,-10.35107606787863,Class2
112,112,-12.896999660935515,12.189638827832532,6.551087278580092,-11.014489950985698,-6.0391401018160575,Class3
113,113,-5.806924796228206,10.188928705564669,10.41881402787681,-10.492364192207232,-10.892795130991894,Class2
114,114,-6.783829258134196,10.786234684944558,11.602876713040908,-9.973136795113918,-11.741460714386864,Class2
115,115,-10.751069882228665,12.548178433544209,9.233547467108504,-10.325276204772363,-9.123400800488168,Class3
116,116,-9.279936175787782,13.164758287450503,13.096645182182812,-8.984563157313195,-13.981158710442946,Class3
117,117,-12.642874162188605,12.268884871784676,7.1547980147044665,-10.79429345652369,-6.875783980779319,Class3
118,118,-12.612262417013543,12.407148648542371,7.283695280971735,-10.435360029434008,-8.813691574334984,Class3
119,119,-8.657053653168866,12.08139599902693,12.964456768410004,-9.265260124809132,-12.809501438682004,Class2
120,120,-8.833159543499212,12.613525617547593,12.852623002841336,-9.265285196012886,-12.93421501120604,Class3
121,121,-11.366447912472434,7.802604891543825,8.152257751413064,-9.65479131962062,-11.935951144382862,Class1
122,122,-11.695528162231684,12.249398977415686,7.710635422807961,-10.802681846415812,-7.124564216608673,Class3
123,123,-11.861652789611956,8.192710271788004,8.986443721287158,-9.575447181286195,-11.109447182897794,Class1
124,124,-11.764681873028762,7.476129978079062,7.719139049939137,-9.521159789813682,-12.669962274355004,Class1
125,125,-6.696877781319322,11.63774427681848,10.294487026859894,-10.296754742172888,-11.731597975886142,Class2
126,126,-10.34979818024121,6.177639976019696,8.340446418809531,-9.486362371390245,-13.126424241349572,Class1
127,127,-8.807791014620081,12.490077608931038,12.314448561896471,-9.39310015646777,-12.796958243020311,Class2
128,128,-12.067895042538185,12.634814128254517,7.595490306928008,-10.616455536420329,-8.05705696521953,Class3
129,129,-8.314163753392709,12.630886009875836,11.68634313216628,-9.716890032942109,-12.200446844181284,Class2
130,130,-13.405352881965973,7.199436819856212,7.117115757734847,-8.957651501232396,-14.809714102572766,Class1
131,131,-11.5373151849562,10.40727746048661,10.110377238651797,-9.658810835018082,-10.433704427949,Class3
132,132,-12.392849762284277,7.5908106354202625,10.064190116426786,-9.195831041881377,-11.338103129261922,Class1
133,133,-8.27473962666161,11.634990975558193,13.069807745150612,-9.246550075802386,-13.022856588965016,Class1
134,134,-10.97327902973462,8.215758011160508,8.373432234230647,-9.96527525725195,-10.47005072973568,Class1
135,135,-13.091664151463371,12.010433060429117,6.78903092141459,-10.426138773793046,-8.819320459432086,Class2
136,136,-12.133829913637568,7.393266311051851,7.612035031262856,-9.45687427705518,-12.764300996019356,Class1
137,137,-11.38447562470096,8.0839593223662,8.884422531194003,-9.73220849301021,-10.77091787708716,Class1
138,138,-12.531353472842298,11.89037645277246,7.080941709064899,-11.176348854326395,-4.807697005555586,Class3
139,139,-7.419858330789956,10.455022982202092,11.749752649975251,-10.233249276479397,-9.40611318516486,Class2
140,140,-12.196880538023075,12.203731552120264,7.066500711684247,-11.146103419909132,-5.41624166178849,Class3
141,141,-6.673858795471654,11.463414948489344,10.91838570416922,-10.02613672451806,-12.52309601033944,Class2
142,142,-12.892950769207932,12.871312651367464,5.892765483546279,-11.057727866523708,-6.745815408127511,Class3
143,143,-9.711522664359872,12.891541532625162,13.712583919559178,-8.935074469987761,-13.075449424041157,Class2
144,144,-13.055640713144106,11.84277946150922,7.274945051280683,-10.404049162025256,-8.388645245509245,Class3
145,145,-11.28480802929612,12.882988093307038,8.146774870115312,-10.450240873502654,-9.214400330596645,Class3
146,146,-11.51184475413524,8.34530933657777,8.402474429661776,-9.830463255624306,-10.71375150859314,Class3
147,147,-7.568949723925304,11.645537844690152,12.152428434179448,-9.74311086921884,-11.941908937099752,Class2
148,148,-6.305250923724056,9.725588923536144,12.097782472963376,-9.878399744906128,-11.84565097265332,Class1
149,149,-7.128126941756069,11.234074161890538,11.221853037578663,-10.01867728247966,-11.718705549816889,Class2
150,150,-13.104437063717842,12.277275854512672,6.01444224386117,-10.845495229485794,-7.402263283826947,Class3
151,151,-12.013444890638056,11.461419229121878,8.274633002755987,-10.197983989353974,-9.32203349094454,Class3
152,152,-12.498649513032277,12.490146500023949,6.984046925715295,-10.653085509330648,-8.06320803651268,Class3
153,153,-12.489018310308715,12.139699587730126,6.986550624434727,-10.770344423773643,-7.301496687463672,Class3
154,154,-7.717062604527167,13.587737458448,10.04992223644392,-10.244753620693489,-11.936308642001997,Class2
155,155,-10.527379086537238,11.659398163094044,10.519769162745494,-9.807968270135875,-10.52754377808742,Class3
156,156,-12.954742185445774,10.556842111819192,7.928235859002678,-10.45592781719341,-7.062346845692967,Class3
157,157,-7.793966904300792,13.463038785057815,10.597067251435366,-9.88597612977286,-13.224532513350692,Class2
158,158,-13.3929106427938,7.465417602096819,8.644829133139165,-8.952107953060132,-13.257125398216749,Class1
159,159,-6.756028900185241,10.453830582894394,11.360010648234354,-10.163310832527532,-10.865701278908618,Class2
160,160,-12.79345849820318,8.817161100058666,7.778157197921028,-9.55662729917294,-11.847116625138566,Class1
161,161,-11.949484788314516,7.75727658454529,7.981666981450044,-9.526878292277251,-12.261519141420816,Class1
162,162,-9.595561138605778,13.748574108528151,13.233351228158966,-9.01819204939568,-13.526676036149974,Class2
163,163,-9.296746963688577,12.393061558995758,13.446154298311512,-9.083443303370132,-12.77888113933793,Class2
164,164,-12.68773340159343,8.445951455417463,7.720916500680182,-9.507462553887745,-12.167083538632852,Class1
165,165,-7.693480725868797,10.826616657574656,12.402976217381967,-9.812349327107384,-10.895054969464232,Class2
166,166,-11.827855703523298,12.589350295178232,7.758792539363187,-10.59127814629693,-8.234863116683366,Class3
167,167,-12.708233702423207,10.939634162915889,7.884562627694717,-10.445826166830408,-7.528060516055066,Class3
168,168,-12.467546656665432,7.676756082269851,8.964315272037425,-9.36666143140804,-11.54969590166276,Class1
169,169,-12.335786860487564,12.925311490549074,6.653465898987177,-10.875614178540651,-7.481006801296631,Class2
170,170,-12.513687963119276,12.751663357312724,6.579271597742685,-11.125037631348652,-5.941350011895224,Class3
171,171,-5.616999137538217,9.961482907419096,10.049587977164633,-10.698498726809518,-10.257131971012456,Class2
172,172,-8.96063563397916,14.517408821092316,11.375087878187507,-9.766542874592448,-12.250490884333296,Class2
173,173,-11.697429202048866,8.857860133170211,8.339376958866549,-9.9095782295117,-10.3274322101094,Class1
174,174,-7.066528862914125,11.779283853517514,10.767114822923498,-10.350124962658418,-10.602354550979076,Class2
175,175,-11.35658616714604,8.244882813351063,7.185811674025912,-9.888830431143774,-11.843974015262354,Class1
176,176,-10.064156211642468,12.248357229423236,10.33669515912554,-10.047928238682651,-10.024883456305048,Class3
177,177,-12.14150788679176,9.0814691683148,6.995452573092864,-10.02799806299561,-10.788623948410486,Class1
178,178,-12.136748393407284,8.084206779279109,9.341291881582446,-9.501066554174114,-10.834227271141854,Class1
179,179,-11.922367371049235,8.193129299716457,8.964052846002616,-9.593345544164796,-10.975655811189537,Class1
180,180,-8.053854409669336,12.06264385658236,12.280044473971618,-9.67660354759362,-11.839943490096516,Class2
181,181,-12.505809688330752,11.500738567188115,7.789725799060111,-10.14970282418605,-9.66330865839204,Class1
182,182,-10.863815255223894,12.825708910923012,8.87000834850843,-10.28944063500412,-9.704511307675675,Class3
183,183,-11.98846375254037,9.5734074159028,8.493604573176091,-10.060575750711916,-9.26403401818501,Class1
184,184,-10.312258662776063,7.433026025657705,8.287772237284825,-9.90665697648182,-11.276954818294069,Class1
185,185,-7.506458937235074,13.269550543105932,10.161838791960284,-10.443608906726244,-10.80246956914719,Class2
186,186,-10.08520462485228,12.275548362649143,10.28580127455402,-10.121018431523122,-9.660950683117282,Class3
187,187,-11.593839487218148,11.05065031384471,9.282873909864644,-10.321683229078184,-7.793402735906456,Class3
188,188,-12.586622132656933,8.231741225416739,6.989869722559762,-9.483286344667924,-13.135171332902296,Class1
189,189,-13.377363153169114,8.972600357387618,6.931530401745219,-9.593685535552458,-12.058791629202654,Class1
190,190,-12.83008938166821,9.123171750302536,8.71583954513578,-9.664112412097868,-10.277894092168369,Class1
191,191,-11.787954736378934,9.164776773505915,8.64417644969623,-9.904658720059142,-10.031147170693432,Class1
192,192,-7.67566488017432,12.025158457103782,11.53887665197699,-9.8237986878938,-12.185805511808054,Class2
193,193,-7.881912641238464,13.397107200559605,10.607919138425247,-10.149672825338126,-11.63301877115756,Class2
194,194,-12.221045709656536,8.746595126807653,7.532866815310135,-9.858956428322209,-10.957024787390454,Class1
195,195,-11.250278839802403,6.911403281409144,9.358797291871872,-9.46655383223547,-11.484525707612082,Class1
196,196,-12.275748710380595,11.261233092526211,8.239783392455944,-10.525395666741105,-7.213330451230695,Class3
197,197,-6.671990219056813,11.576577052700724,9.863995911194806,-10.717818981946966,-9.856830165398122,Class2
198,198,-11.75852736059956,8.19872448965929,7.097009597888308,-9.772255105177514,-12.190566272819048,Class1
199,199,-13.52424455799448,7.800845203842046,7.869999202494712,-9.009611103196828,-13.770073975194276,Class1
200,200,-9.508288755004884,12.365433852166278,13.704945438821923,-9.103985512729906,-12.166345877714557,Class2
201,201,-11.750726961063412,8.29943559436985,8.914262413803685,-9.741045126358392,-10.404961039263911,Class1
202,202,-6.238016108602476,9.138408235926194,11.642526174987095,-10.321290585604295,-9.747370972712895,Class2
203,203,-11.208528286916644,6.766214479247029,5.770122121099833,-9.50751129918659,-15.198673982190464,Class1
204,204,-11.915555018077882,11.97752974258924,7.974935407046646,-10.6681995441599,-7.285258660534565,Class1
205,205,-7.401378950694615,12.360175292364794,10.894963904494618,-10.00011345439743,-12.281844142743692,Class2
206,206,-11.538110523850984,8.5306698566345,8.602600762107855,-9.807873774409735,-10.654174537104934,Class1
207,207,-11.65160352490194,10.78655653241376,9.474621829906065,-10.145967236694608,-8.423354322615012,Class3
208,208,-7.079952572685038,10.83548080701406,11.40388184807876,-10.006438019640122,-11.5046715537898,Class2
209,209,-8.029169503603276,12.414894250086212,11.13069307331294,-10.329456202474988,-9.594276260454595,Class2
210,210,-12.096021898950564,12.365357885445396,7.755473116575512,-10.589464024580638,-7.917778285754244,Class3
211,211,-9.10905206713664,12.918929427553078,12.91831069107457,-9.027998706919623,-14.020244441393707,Class2
212,212,-6.797553806091436,11.930940501597355,10.099258724737805,-10.730892706258452,-9.51804164713175,Class2
213,213,-11.529454508932124,8.990497541393461,7.14112105913575,-10.03920035559085,-11.126668304467032,Class1
214,214,-12.083923666042285,7.441761219695858,8.15614666502518,-9.34274657684231,-12.86696735968278,Class1
215,215,-12.321075481338555,8.697455982931903,6.046263985147018,-9.74916532988476,-13.094297076377536,Class1
216,216,-12.530182304825642,11.922710547152631,7.371574347802753,-10.62896965352951,-7.558045464759587,Class3
217,217,-6.767155413687105,11.966955186415738,10.133518616189104,-10.555215924260658,-10.502917971234154,Class2
218,218,-12.20737128400969,11.26146304032198,8.609093809410648,-10.033769653168193,-9.620014071143505,Class3
219,219,-11.807672923934469,11.868236649367155,7.894112658271048,-10.915280502927056,-6.062366782909534,Class3
220,220,-11.69927043509432,6.145963681784175,9.825078925426018,-8.95343085019089,-13.158688468259268,Class1
221,221,-11.377704728290285,7.314997381581488,7.881894454602535,-9.541320138651804,-12.699441627019102,Class1
222,222,-11.891311320872411,7.322504730066969,8.247474323557812,-9.387563827309108,-12.663329063468064,Class1
223,223,-7.667907963765865,12.235390137425387,11.191101556490889,-9.762770466287872,-12.984852621895408,Class2
224,224,-9.594720625176995,12.224929737779114,10.47218374564138,-10.241487239708285,-9.239392408680526,Class3
225,225,-9.475100870875227,12.413334836796505,10.43605334928181,-10.546133849477195,-7.752980248807998,Class3
226,226,-7.709502670107716,11.676462544445071,11.919362283022684,-9.947279098638154,-10.931976830784803,Class2
227,227,-9.136878171171702,13.446579637743358,11.963839443475113,-9.651375298938436,-11.73073008353578,Class3
228,228,-7.942065089548045,12.25085055259549,11.76097127499822,-9.68823088559996,-12.514761028156876,Class2
229,229,-5.082175100928046,9.710892692457886,10.17452693739987,-10.897574962931362,-9.44222313977516,Class2
230,230,-11.552150073789068,7.938910298081367,7.585472051274961,-9.707054285617474,-12.132559168879403,Class1
231,231,-12.45592026240245,12.59825122345065,6.862723213916087,-10.707805970040672,-7.967040919464937,Class3
232,232,-8.73523292871579,12.535257645355792,13.118626609102764,-8.838614342304881,-15.0948195471863,Class2
233,233,-8.172765941014491,12.66932336162822,11.461387566794844,-9.948611947900758,-11.301975514706555,Class2
234,234,-11.870989242850646,12.882791762578297,7.65580644331688,-10.415306549736682,-9.384540570022466,Class3
235,235,-9.289276334470271,13.298336992254786,12.950083244151152,-9.02361951728167,-13.958293040537422,Class2
236,236,-11.780577465185631,12.760108431952572,7.492218629083823,-10.714338098623298,-7.941279126496601,Class3
237,237,-11.912340791522803,10.631890966869678,9.584858166221018,-9.875026208086524,-9.514647722122344,Class2
238,238,-7.726383812753996,11.86781347164326,11.57432310500392,-10.096051497938424,-10.52583533853766,Class2
239,239,-8.151806874921261,10.99159586978612,13.149128900002369,-9.340477850165598,-12.32176679842135,Class2
240,240,-11.138553840624732,6.954131837645228,9.652519829027344,-9.39911304912054,-11.65964557650711,Class3
241,241,-9.877755666120422,12.69373704842922,13.701435717476116,-8.962422615892384,-12.710783435999463,Class2
242,242,-10.03972527896173,12.894237258724258,9.601601235918418,-10.409887724747607,-9.043209546732625,Class3
243,243,-12.572831651341398,9.734834878750611,8.520718673977703,-9.98607553881277,-9.138952374192716,Class1
244,244,-8.746329401054709,12.46115226718052,12.537826766963864,-9.298707238505411,-13.12851381195607,Class2
245,245,-9.143423040721142,13.756971345470737,12.091951130844198,-9.343665757377538,-13.402950820343776,Class2
246,246,-13.308185873850736,11.497546752780936,6.807215852510969,-10.731631437457736,-6.718033153357593,Class3
247,247,-6.495223243972543,10.889222146064066,10.778005062814008,-10.267809420361743,-11.314273393680724,Class2
248,248,-10.071661107097947,13.583593578859777,13.095544420581607,-9.11622818480637,-12.61814849473424,Class2
249,249,-9.840075208363396,13.570950622570102,13.173865954305588,-9.090150706101298,-12.896943188888288,Class2
250,250,-6.793177507922178,11.172602293292284,11.12494519953468,-10.063790264637428,-11.876494229560382,Class1
251,251,-7.697138555357396,10.229629025716374,13.264637837094645,-9.326609390484617,-12.464897747811534,Class2
252,252,-11.449637037869232,8.238023965396163,8.5339030875363,-9.785231497475564,-10.847247646525677,Class1
253,253,-8.665770578238806,12.721181065940954,12.50858544457282,-9.564090583065152,-11.839342608065015,Class2
254,254,-7.748400455780992,11.532861731095837,12.075478278823626,-9.996915817516262,-10.398971998325186,Class2
255,255,-7.978130249117126,11.12354150653159,12.34151522193279,-9.747020616198911,-11.148972122429996,Class3
256,256,-11.444993752213554,8.047103123251318,10.694026387034656,-9.569600488159944,-9.617700372702071,Class1
257,257,-6.907266574301914,12.58468324429155,9.48573487688605,-10.776622915756658,-10.04276126319778,Class2
258,258,-10.676242758587357,7.998492640504404,7.520797776565394,-10.060239523079249,-11.094194872906108,Class1
259,259,-10.000787836668271,13.425199747606127,13.652766074344154,-8.868170882606867,-13.408256667855245,Class1
260,260,-11.467117921525034,7.578845187500351,8.923749322527136,-9.556346031283232,-11.467710707653607,Class1
261,261,-11.444797285675122,13.466729157352049,7.901250977843894,-10.575672927212432,-8.81768742423443,Class3
262,262,-8.979533577134797,14.489489969262031,11.180056184958756,-9.967012462931075,-11.317719562839486,Class2
263,263,-12.21745368941312,12.783055374466992,7.2287109170872785,-10.7054904324668,-7.866778802829367,Class3
264,264,-7.748280840458504,12.037831591705112,11.760806525979854,-10.01780645662516,-10.791531258381616,Class3
265,265,-11.82453199430074,11.630885538489505,8.737597197715164,-9.940213507596289,-10.489737086480684,Class3
266,266,-10.294138339994984,12.873694287485142,9.201371159738406,-10.79814933006112,-7.062161413836646,Class3
267,267,-11.493506170828582,11.971316796759575,8.378734970159936,-10.492613892085055,-8.227033596005853,Class3
268,268,-9.598719029903492,15.402760925610728,12.34635782876516,-8.982494052694372,-15.232797118530364,Class2
269,269,-6.7262458848420135,10.5899174285493,11.413434918340013,-9.993721705113536,-11.827150532974551,Class2
270,270,-11.35814294483744,12.717707805398565,8.5039700083492,-10.32266132278048,-9.41014063146255,Class3
271,271,-11.524503806285312,12.4209848693997,8.285544106829246,-10.72203049560468,-7.162788559392439,Class3
272,272,-10.676880165424702,11.98797175809775,9.77680936086144,-10.170323311606635,-9.282230947051556,Class3
273,273,-10.838717076985796,7.799831491709664,8.973313307258044,-9.763451588407722,-10.93323152534644,Class1
274,274,-12.321994212459463,12.06299629746157,7.728482303778063,-10.470548663056636,-8.296503688428045,Class3
275,275,-9.780483228115951,14.612992266843143,12.174571960686446,-9.182301522263774,-13.875357218356449,Class2
276,276,-7.8431327618640925,10.9089340410604,12.755121513693862,-9.567758561201808,-11.756438774727275,Class2
277,277,-13.242566712314376,10.252868631696952,8.212234887167705,-10.254541816940932,-7.499464454313035,Class3
278,278,-7.119305379160702,11.738896398618667,10.874658172799732,-10.450262577687171,-9.860520072825915,Class2
279,279,-13.14965775126975,8.847963994551346,7.298284503596211,-9.534781651231924,-12.163713210670116,Class1
280,280,-12.88672451073626,11.671270135640931,7.161072054464206,-10.733203358561992,-6.782316688473987,Class1
281,281,-11.899646138984634,8.235142439138363,9.087119859076878,-9.515095531515897,-11.31292221110534,Class1
282,282,-13.196682332313038,10.774764474350118,7.290997021420615,-10.706879654097657,-6.198341182555618,Class3
283,283,-11.436791365739168,12.720735427223667,8.109889280228655,-10.448720755778028,-9.064579508779609,Class3
284,284,-12.02404574431296,12.496105792251509,7.624054356958979,-10.392738599613711,-9.273263245081814,Class3
285,285,-7.636090314094654,10.393528405144917,13.07606674423413,-9.346367936200688,-12.673763691859332,Class2
286,286,-7.835567598865533,11.94209763535188,11.6909940880849,-9.887640116085215,-11.480649361604785,Class2
287,287,-11.051969376056206,6.976750706202763,7.8020809283655215,-9.567163121581702,-12.847943520297688,Class1
288,288,-7.800435179606049,11.665732345423908,12.092976020593976,-9.677331285758726,-12.158159685404918,Class2
289,289,-12.567546042979636,8.688440614868128,8.851482682910499,-9.55283440481751,-10.863414446771165,Class1
290,290,-13.986370955413818,9.47969496290625,7.568573287973004,-9.514037881601366,-11.378925337330145,Class1
291,291,-7.041004161369333,12.035073052239673,10.276721203697027,-10.2577049639378,-11.765603063312234,Class3
292,292,-13.654470208603026,9.90228430613867,4.950334212102838,-9.883930311135462,-12.649973319477862,Class3
293,293,-12.833551675146708,12.267509150275494,6.899028165046228,-10.41626917312641,-9.08525945562263,Class3
294,294,-12.035908991630324,7.793902321385187,9.084567694638851,-9.443870350825229,-11.439998030773172,Class2
295,295,-8.438839095395615,13.467784749013935,11.049905033883178,-9.905867495286966,-11.994586448187134,Class1
296,296,-12.379087686035003,8.836266438858889,7.216423624472345,-9.731007167376616,-11.896743089942378,Class1
297,297,-11.852423575518994,7.090273949954619,7.55635857350265,-9.267355460055915,-14.058255912501256,Class1
298,298,-7.414130160384406,12.428937053163075,10.646056080880998,-10.389206581982412,-10.391483720941286,Class2
299,299,-11.07211194709055,6.187954644777325,11.98241565464351,-9.069575628149938,-10.753813390874702,Class1
300,300,-11.50093272108436,6.684872378054263,9.183456259933006,-9.238521414656551,-12.636897725196228,Class1
301,301,-11.434903353002223,8.516153452732025,7.551469954493715,-9.977066611357383,-10.96045171809703,Class1
302,302,-12.28359263992394,13.002775418190248,6.601003000513284,-10.9588579809596,-7.148917323633755,Class3
303,303,-11.957736321564308,7.194704276970755,8.843598425520707,-9.283937176715302,-12.48102039184041,Class1
304,304,-11.351224350967222,7.465367594877087,8.859737160813665,-9.581049028050568,-11.475300553734032,Class1
305,305,-12.070754054474856,12.374645954048908,8.11205314373807,-10.289334528875424,-9.229770562720471,Class3
306,306,-5.264466856314212,10.565937218242489,9.1968062548663,-11.138559883224644,-9.271642431881528,Class2
307,307,-12.054270072354182,11.40621622958134,7.913067552924547,-10.879601122402931,-5.854035113588747,Class3
308,308,-12.293759053745037,8.687893303873166,9.14256226500425,-9.576696694599338,-10.673603263760402,Class1
309,309,-11.750602396297484,13.152232922324355,7.88970601635231,-10.482717867404288,-8.95344370270684,Class3
310,310,-11.53358852565472,12.788487681277346,8.033831977558004,-10.763438425961729,-7.318197659877613,Class3
311,311,-10.954924138347447,11.865521127451176,9.213417316733214,-10.546284542385283,-7.493827637888849,Class3
312,312,-11.763513290488785,8.011401669009254,8.020225072256618,-9.699123675906767,-11.51792922666966,Class1
313,313,-13.539605962245195,12.750339068905935,5.398580601452279,-11.07249878868415,-6.544475259052915,Class2
314,314,-12.311972627390531,8.625140415645342,9.984775377871326,-9.5486412167712,-9.8656568857574,Class1
315,315,-12.50671773032112,6.795792219493056,8.241377500407692,-9.118268508252704,-13.411405757473148,Class1
316,316,-11.798945345356575,8.366716771904741,7.529729053343317,-9.763583076899744,-11.777986722370631,Class1
317,317,-11.972955617325816,8.05311849866263,6.905459807690265,-9.610888206853348,-13.049300296585283,Class2
318,318,-10.412494024786682,13.202845822762653,14.910525062998424,-8.261972008191675,-14.942550774048096,Class2
319,319,-10.694055468854762,11.915952656415543,9.699328803078211,-10.273638982581314,-8.750403007760935,Class3
320,320,-8.932408389262596,12.415661948170849,12.673945906030252,-9.257789101429402,-13.01321253464516,Class2
321,321,-11.54440301141495,7.717955031816634,9.181336977890872,-9.514114681206465,-11.390526493454797,Class1
322,322,-12.023076003370477,9.816099461279636,7.709292727891686,-10.13130399444644,-9.77689387414506,Class1
323,323,-14.132361324065704,9.905439344058587,5.626669442811282,-9.657095748441128,-12.713243968562637,Class2
324,324,-12.487358260386836,8.309906968864347,8.193280221439363,-9.5467486843345,-11.577069682185256,Class1
325,325,-12.40069143967086,13.485770922532474,5.93494646307612,-11.17445067537936,-6.72010137454319,Class3
326,326,-11.573597922097663,8.703815638388688,7.399364496053819,-9.953022679878732,-11.188965674219126,Class1
327,327,-13.704075172969626,12.394569708606335,5.801352069688762,-10.832791986955222,-7.167271160295003,Class3
328,328,-12.094088229239356,12.48438274979101,7.465634667382995,-10.596351420064764,-8.238531032971856,Class3
329,329,-10.933623661305989,12.925889693178274,8.205422583069854,-10.843478229213824,-7.305057136052861,Class3
330,330,-7.72276846167777,10.787863598770867,12.984914607108696,-9.61374681820578,-11.323601912534487,Class2
331,331,-6.884557058865341,11.460994962978868,10.831805559554066,-10.426713812378273,-10.176045094209329,Class2
332,332,-11.106304727309505,7.174340536181241,8.572190816469044,-9.62298439994617,-11.699790563086973,Class2
333,333,-7.225397738954934,10.912546738565446,12.03823068210763,-9.722361074943391,-12.278476979705689,Class2
334,334,-11.42937079801088,7.275889686892091,7.546000978434382,-9.58237099038794,-12.777287438492523,Class1
335,335,-13.627595411041888,10.920338770360516,7.059211150478602,-10.37131378025597,-7.95986835809423,Class3
336,336,-8.38997252833906,12.385806079475266,12.307517157578042,-9.38936507647329,-13.194795649949684,Class2
337,337,-11.683907625680543,7.776538530637445,6.19427680263709,-9.661198835395084,-13.740449808760808,Class1
338,338,-13.460342193573876,12.791778567589148,5.534164893661085,-10.799205785703524,-8.01217640550037,Class3
339,339,-12.913814137603165,8.716828460171087,8.272697592014511,-9.488225395801877,-11.536623327658084,Class1
340,340,-8.97491754058916,12.958310812984507,12.462262139865992,-9.334456401392009,-12.951795974564911,Class2
341,341,-12.092802319582034,11.29397647914132,8.991572031577533,-10.09248042342314,-8.991990038958058,Class3
342,342,-6.486438747336708,10.657046389846595,11.738795270066396,-9.809510055649175,-12.751343249056688,Class2
343,343,-12.16425985154007,12.465554754842934,7.493452892886351,-10.4309173388765,-9.058579751403132,Class3
344,344,-11.862230936621268,10.279080120705418,9.270655354213009,-10.29657648844837,-7.439447636940576,Class3
345,345,-12.235788452736566,11.470405131933388,8.642356098066978,-10.239357563210266,-8.474600449750236,Class3
346,346,-11.59613930081517,10.8840404598133,9.528316980339325,-10.24969506519852,-7.86958070143622,Class3
347,347,-9.2541488446251,11.931263770127298,13.312688630837716,-9.081194856974474,-12.830480105189524,Class2
348,348,-11.223072698964314,8.063570293450317,8.509157915710617,-9.770528710589236,-11.118884940319596,Class3
349,349,-11.478354826843791,10.91367205529097,9.49797020116828,-10.431988326241632,-7.0075137030245305,Class3
350,350,-11.688897809868587,8.613077967869623,7.69656566215366,-9.882626738898717,-11.114769860939909,Class3
351,351,-11.9406655352799,12.130905775226172,7.989950327429503,-10.543353229877871,-7.991599246835355,Class3
352,352,-10.831323258092617,11.043168063985792,9.907771885950616,-10.4709446441967,-7.004617047708794,Class3
353,353,-10.55738825038844,13.71072755430859,14.208653305415922,-8.558334866817805,-14.08304222989922,Class1
354,354,-9.016748075487763,12.813381570219644,12.365618449182223,-9.621335789301837,-11.36804575609878,Class2
355,355,-8.134108962016272,11.742132118128126,12.546625039770904,-9.46667579675923,-12.53881898817394,Class2
356,356,-6.2073733481934,9.786805586062089,11.197292531907538,-10.48011477495029,-9.588571294318475,Class2
357,357,-11.575597006436572,8.526633567320442,6.665214088107405,-9.99505117155461,-11.703026776233976,Class1
358,358,-10.517402412847902,7.8558541331503555,6.487704488910413,-10.06587935893608,-12.30685807587652,Class3
359,359,-7.696860561394336,11.444073401489266,12.347193446587402,-9.518490673436592,-12.794352840941322,Class2
360,360,-11.929717022850497,12.69540983907767,7.192941199106377,-11.007326466732865,-6.4687854946361165,Class3
361,361,-11.715251089831831,8.98347836649507,7.223301335946791,-10.032645336048692,-10.891395557838838,Class1
362,362,-7.663244220956401,14.126378390947082,9.42809606069052,-10.606159460272115,-10.826826603186506,Class2
363,363,-8.62642173145737,13.733347094963296,11.425335660533827,-9.597033666201854,-13.211838059110976,Class2
364,364,-10.965281891787669,8.229645044448183,7.485426569097598,-10.027383009135807,-11.112503913920026,Class1
365,365,-11.54702153960153,12.568777716406943,7.774627024807142,-11.08401008139364,-5.728360934460521,Class3
366,366,-8.483856856625394,11.654900386375724,13.100029566361968,-9.182424229808852,-13.152655456623265,Class2
367,367,-9.14786270947704,14.232406125467511,11.97071962797324,-9.123661992573284,-14.914765892460093,Class2
368,368,-11.164688094442887,11.50627956418121,10.088056670438364,-9.961684289411918,-9.4796966983295,Class3
369,369,-11.74801969107764,12.059448518013768,8.746854198745204,-10.20506800090587,-9.2116031439431,Class3
370,370,-13.154143809356182,12.1128460585168,6.351060990410463,-10.994923791610336,-6.09584323828665,Class3
371,371,-11.127325298167005,11.903569490296388,9.661604304956535,-10.116590894234935,-9.24761309122631,Class1
372,372,-8.626944308380505,12.861027797162246,12.438668069461226,-9.369993747476435,-13.08341617994289,Class1
373,373,-12.652573723422908,8.392539293174456,8.257000952504637,-9.46781156347325,-11.81533374246535,Class1
374,374,-11.707180716611584,9.465949807339486,7.1885595117397845,-10.219668168169,-10.047970786746795,Class1
375,375,-8.465938083187455,11.890964382284611,12.762965095425226,-9.386310518798494,-12.477754926599436,Class2
376,376,-7.958504428868331,12.941999836107806,10.6702722458547,-10.268196221895971,-10.681460867757997,Class2
377,377,-12.191686271924796,7.861015709892485,7.661540560283803,-9.508483215519544,-12.516492170983376,Class1
378,378,-7.531066176677701,12.162641753551377,11.606258960530468,-9.676204243885598,-13.120175873008415,Class2
379,379,-12.822748545639698,8.368620678389512,7.919854894862931,-9.417923708143093,-12.293308628115106,Class1
380,380,-12.551976150321098,12.287881973917012,7.328177637835907,-10.648975043875474,-7.590773969116311,Class2
381,381,-11.672940843980914,10.347373047806984,9.519218489019243,-10.42923185786876,-6.629222070421538,Class3
382,382,-10.8310249236664,7.927532834953753,6.715463355380838,-9.947635315435594,-12.437562511354647,Class1
383,383,-6.745107270829707,10.44240386590244,11.90642504335414,-9.841211652510072,-12.071013836632195,Class2
384,384,-10.9061939795192,12.311857208125367,9.26835306552941,-10.257574495011928,-9.237572001798505,Class3
385,385,-6.986258817294924,11.659760310093818,10.948089199472683,-10.271076325687376,-10.88375800798049,Class2
386,386,-8.148368898733962,11.976664783098576,12.162160787868007,-9.671462686842656,-11.879523810174568,Class3
387,387,-11.78004476432772,7.335692231483545,9.890682566406443,-9.331921790587597,-11.277353671959096,Class1
388,388,-12.389234054149709,12.544639420971272,6.912269952651748,-11.087540358667663,-5.837653302236489,Class3
389,389,-12.054729159816375,8.605472601614249,8.523169202405871,-9.70581215469302,-10.83776458296686,Class1
390,390,-8.130932689801778,12.597835245536675,11.757779911511228,-9.957832220372834,-10.941545716872138,Class2
391,391,-11.112546621734625,7.233348944094233,8.38106815836277,-9.59960281683949,-12.053796324726353,Class1
392,392,-12.28610938352156,12.44737355036097,7.0237551376898,-10.695009142210925,-7.976435780270466,Class3
393,393,-9.033772938133271,12.645456726393215,12.45331264522524,-9.599900520725411,-11.320730883486494,Class2
394,394,-11.928695560188965,7.612759855661629,7.534454840382315,-9.487744701833495,-12.945817685275763,Class1
395,395,-8.914060906570699,14.042464872030774,11.25762080610901,-9.838044891593851,-11.87197423981616,Class3
396,396,-9.52728238983032,12.84433206347333,13.935872476250346,-8.671235841651487,-14.466451623077038,Class2
397,397,-7.733110443851173,12.47020595099998,10.85839032114834,-10.079660017660997,-11.593151091725534,Class1
398,398,-12.91741508057962,9.303114182383409,8.38129585310076,-9.626714636368837,-10.828865125962086,Class1
399,399,-11.908974197485367,7.468354755653698,8.387449553804467,-9.370907697923403,-12.632352233581766,Class1
400,400,-7.608117706976026,13.402455721110972,10.330474879559423,-10.178073942031242,-12.045452001751816,Class2
401,401,-7.762701386763984,13.087455561239542,10.884037374539083,-10.13028570680574,-11.452570993656757,Class1
402,402,-9.501907470340416,11.501509928478832,14.69449358310051,-8.588845994046302,-13.683311939177468,Class2
403,403,-8.60897482238661,14.14343808109996,10.66786869316205,-9.944062095087451,-12.255437862402552,Class2
404,404,-7.655883079105514,10.912223570855051,11.943344153940195,-10.047001627982638,-10.153588192619074,Class2
405,405,-7.742323042100327,10.931356334683205,12.704566892085024,-9.4612769251717,-12.511534478846167,Class2
406,406,-10.271114482884276,11.453652891666565,10.6744936456114,-10.033179063969309,-9.279624230218005,Class3
407,407,-11.703366942561528,8.509000259391652,8.52651776711123,-9.875890332872828,-10.191474090554882,Class1
408,408,-11.338013411025669,11.60371282070319,9.492799587724749,-9.877231718373151,-10.470979795823649,Class3
409,409,-10.900549604733484,11.321545588863952,9.6794248714323,-10.43455590433078,-7.482276212021425,Class3
410,410,-9.755125301733836,13.022062198958093,13.685934595989828,-8.966497190292314,-12.929236589864098,Class2
411,411,-6.778133025341329,11.449684927090884,10.664914061402111,-10.548323813598715,-9.779180012957491,Class2
412,412,-9.22010641182294,5.489138254344766,8.053777851265735,-9.58214115173493,-13.774213011835885,Class1
413,413,-12.100097235094054,11.684969043805816,7.9960851823968575,-10.680743434936304,-6.919551339312541,Class3
414,414,-10.21547282780953,6.266739788641589,10.280678890000562,-9.453857285426064,-11.33099154280264,Class1
415,415,-12.126681927228288,10.944758160376583,8.906136317948635,-10.04504136149651,-9.205794677765336,Class3
416,416,-11.486715442833322,8.26033421326104,8.814040277259851,-9.792131519555143,-10.471817418126369,Class1
417,417,-7.158869496248356,11.855173624360296,10.568265787610656,-10.339967745223683,-10.813374582201815,Class2
418,418,-13.836000902434623,10.366231954503684,7.130469565566799,-10.44957443018419,-7.064433001366549,Class3
419,419,-10.092004040371542,7.684640493691052,8.03509069999021,-10.131292426653497,-10.593402104525964,Class1
420,420,-8.964934814243652,12.401366123068088,13.168558780291512,-9.206760264160469,-12.718017531269524,Class2
421,421,-7.393373799286323,12.327828262554256,11.070676993371592,-9.904648256840256,-12.61919006251648,Class2
422,422,-12.401547185332335,8.306727469872811,7.676826331466483,-9.561801334652625,-12.143084823304925,Class3
423,423,-10.962949892984504,8.014178408144355,8.533488321167333,-9.860425239119676,-10.82473019490734,Class1
424,424,-11.408503186180791,11.202697517655883,9.325573646817636,-10.662097884075523,-6.072022573391187,Class3
425,425,-8.047678564091456,10.473852566559138,13.209324584740797,-9.186767120419915,-13.04787114815574,Class2
426,426,-13.44077559142329,9.208377430765411,8.492541796050677,-9.48829521819766,-10.944581476946585,Class1
427,427,-8.459913291744583,12.525019021381254,12.12954880030657,-9.502603800885709,-12.73534841927265,Class2
428,428,-10.638797251304096,13.032629192556168,8.405295141628716,-10.97693535331439,-6.658123260426546,Class3
429,429,-13.31357937735794,8.008454662279833,8.651619799305156,-9.062448261107978,-12.884739991563915,Class1
430,430,-10.6054092102412,7.968031276961545,7.912633445727368,-9.9711598076461,-11.219206332279704,Class1
431,431,-10.662076988093675,7.127467882517227,8.94112920529135,-9.719206191276404,-11.169401425115703,Class1
432,432,-8.574240276199532,12.63570682244364,12.310511342719993,-9.11688914262615,-14.61692268805631,Class2
433,433,-8.952108488369808,12.347516632571734,13.32335342741099,-8.963603203848608,-13.901374515530492,Class2
434,434,-12.367200363399458,12.161935231015644,7.5954573177928735,-10.830168357003265,-6.421729872709445,Class3
435,435,-11.590494263323777,6.523513599766031,9.925603940490388,-9.108198818412228,-12.409915295397145,Class1
436,436,-12.62703367314513,11.401165697798708,8.007781992564894,-10.144517810528576,-9.30326776733024,Class3
437,437,-11.587060664494626,8.12038922136271,7.972076849550989,-9.72584190219922,-11.626953793268154,Class1
438,438,-6.31235444875102,10.013969250049149,11.182735275941797,-10.176673456580929,-11.272178868030185,Class2
439,439,-11.926350724046456,7.999804799374535,8.973187599122843,-9.542097583834058,-11.185774536505305,Class1
440,440,-10.689738232014376,14.973605571716648,13.142721860320751,-8.68135146968834,-14.848426524071346,Class2
441,441,-8.448414650305308,13.081967680849289,11.661774378077682,-9.66819152176422,-12.51560582753124,Class3
442,442,-11.188301340091456,6.4822021015821205,8.531066860595724,-9.280043450933691,-13.359032111308014,Class1
443,443,-12.661687651459395,11.728373792400964,8.530364031861982,-9.535796180737163,-12.201660104368862,Class3
444,444,-11.342334834564763,11.503407937388852,8.906365417529356,-10.40259862776388,-8.144220751563392,Class3
445,445,-10.195365085094354,6.452631706534434,9.397871370607175,-9.575101719174269,-11.704433524370714,Class1
446,446,-12.230856760140504,8.227924075863022,9.204874205495384,-9.423387194840863,-11.374008883597718,Class1
447,447,-13.72218576822882,8.409354049129771,7.244443922407976,-9.250854008407376,-13.11586628675206,Class3
448,448,-8.38422405073015,13.679167307153808,10.53649231714648,-10.096241624384534,-11.616703755558936,Class2
449,449,-10.976291628822112,12.84073426008782,15.710911307535504,-7.855822301621747,-15.670617383971033,Class2
450,450,-10.51484375227408,12.243129280594236,9.728744236869566,-9.991287305830117,-10.574117695651196,Class3
451,451,-11.68445054152319,7.818071889087861,8.705079976433929,-9.63163648523919,-11.155208351424964,Class1
452,452,-11.612870834850062,7.979930562143581,9.185197240526607,-9.59723091928559,-10.940297100804864,Class1
453,453,-11.729193800642555,7.3247942965012225,8.467004125864186,-9.393803161593166,-12.543951533361716,Class1
454,454,-11.850731083127428,7.766758304320676,8.434671085404107,-9.50060202747864,-12.008087005069434,Class1
455,455,-11.857664235658335,12.691473419325266,7.749562328804592,-10.515514853461712,-8.672559628199602,Class2
456,456,-12.30593705351242,12.140286625012587,7.757448012128225,-10.73263696827307,-6.840539154198408,Class3
457,457,-10.459375323960645,13.758265456825333,13.81999949397958,-8.987950782854758,-12.220029722326164,Class1
458,458,-10.033817386727394,13.91917170456633,13.272972365957228,-9.055054544754224,-12.909431588370683,Class2
459,459,-11.453478546489093,12.07042144369716,7.9902343384809535,-10.962509540357232,-6.099483841551014,Class3
460,460,-5.776195527300086,10.7482090499943,10.379293419554436,-10.286374254719966,-12.297335738003843,Class2
461,461,-13.352901963241944,8.560148727198161,5.566412754249809,-9.463136649853949,-14.181244515850851,Class1
462,462,-9.214088113489863,13.684398702865783,12.244333008266764,-9.435155557281233,-12.63245807980223,Class2
463,463,-7.280164247020807,11.836692249206845,11.586498328743582,-9.730692444614546,-12.974314187017134,Class2
464,464,-11.67923435240804,8.065735753962596,8.17557278310075,-9.760878283694757,-11.100692778340566,Class1
465,465,-11.775725902693472,12.008006363306013,8.223750083000315,-10.364828248665262,-8.851291060714807,Class3
466,466,-7.892220148689688,11.094391698434038,12.279037228885375,-9.725794975871317,-11.40979322957048,Class2
467,467,-7.831483937074447,10.962145863675806,12.493782343594845,-9.536660746540475,-12.246224504896276,Class2
468,468,-8.284617781987494,14.44747322970073,10.119473962154682,-10.307188472902023,-11.240784286149664,Class2
469,469,-9.424947831363047,13.247139895781572,12.775732249244657,-9.377040273259562,-12.027968852769494,Class2
470,470,-8.027595238273197,13.502647142704172,10.689321226635316,-10.108949185039002,-11.664520306606397,Class2
471,471,-9.646674862916433,13.99044074182558,12.24015368242392,-9.377336108273813,-12.641634346762428,Class2
472,472,-10.982684927243708,6.995575456192872,9.797443302334852,-9.432427074272034,-11.477690184107788,Class3
473,473,-6.491629234947942,10.223848244540516,11.487010932776425,-10.088479292638828,-11.324902546250788,Class2
474,474,-9.222129349254956,15.15776910575201,10.989356039726715,-9.801911726404027,-12.431705986791524,Class2
475,475,-6.544432584760542,10.66691080800156,11.514378793617963,-10.230800237212229,-10.59148777409557,Class3
476,476,-12.156006885058414,12.307328967914351,7.861746604169893,-10.710736232402436,-7.0466034187605375,Class1
477,477,-5.751771657846199,9.66216394124549,11.431930124935867,-10.179463390585672,-11.409528678740529,Class2
478,478,-11.96731822178675,12.092109777851997,7.95960291671038,-10.484933219100288,-8.313220849119732,Class3
479,479,-13.805751916485622,11.952177786558538,6.018244378295503,-11.0257092057122,-5.609841931331241,Class3
480,480,-8.17654395661122,11.016346607436288,13.063243353699072,-9.342094275486971,-12.391381807474335,Class2
481,481,-13.113972741286592,12.324183921263351,6.483013603606444,-10.5719309877128,-8.42112682140821,Class3
482,482,-8.298965807089571,13.906940216899928,11.049236991091004,-10.255496107018192,-10.318199073580054,Class1
483,483,-8.331249154483153,11.549287364842671,12.608961991460108,-9.57862770042111,-11.592319121114013,Class2
484,484,-8.870232224241771,11.1320980051721,13.616965315395174,-9.036761769607985,-12.856415204111908,Class1
485,485,-8.367516216941224,11.617364552832482,13.268342921586864,-9.163500748572003,-13.173255959270591,Class2
486,486,-12.356536217223171,8.799306501432104,7.683202875619097,-9.784528454855796,-11.093785241886051,Class1
487,487,-11.37112290261511,12.876450093151714,7.883438300732574,-10.93314352363726,-6.720495813696676,Class3
488,488,-8.796402688815185,11.664507251152044,13.039122661150175,-9.364368653227483,-11.904678624279985,Class2
489,489,-13.1092700613247,13.23978745339755,5.361293523268396,-11.485496014104058,-4.850656068545884,Class1
490,490,-7.140593541899604,12.250036960300848,11.01039339532282,-9.929387578531294,-12.76600380072399,Class2
491,491,-12.338911934839588,8.325037603731806,6.65533011848012,-9.60802725424385,-13.075320182771632,Class1
492,492,-11.394471371902334,9.134521115417687,8.290347485421949,-10.12574244349818,-9.554924232948958,Class3
493,493,-13.030557775238217,9.53447335932461,6.797392217545889,-9.76053662891145,-11.78977765670629,Class3
494,494,-8.839809189846802,11.92866055226882,13.30559579157498,-9.294723176607231,-12.043902999421713,Class2
495,495,-12.018190882629884,11.737535582062195,8.454687414598764,-10.30633839030994,-8.60288241864755,Class3
496,496,-12.018637190462345,7.0500642020240925,7.531458207017142,-9.264756202450034,-13.926910759716778,Class1
497,497,-13.463710580451211,11.455130735169757,6.325491951182963,-10.868787684882868,-6.3181221883084335,Class3
498,498,-13.24410037115107,12.419372792968822,6.129497240516315,-11.124659611773293,-5.626849733781571,Class3
499,499,-6.095838683810477,11.815666633119164,9.595839599232349,-10.458437968778718,-12.234107392528609,Class2
500,500,-10.778839108440204,13.058398343643663,8.95064999086752,-10.610966793413786,-7.976134384289455,Class3
501,501,-11.594550732297462,12.258131663354652,8.482969296394797,-10.093256262787325,-10.33890041210944,Class3
502,502,-12.018081290810976,8.197225162960248,4.676008845045619,-9.81534902441251,-14.363422370349674,Class1
503,503,-11.808148423083203,8.93208456519915,8.054610783088542,-9.865660960058309,-10.80339195436208,Class1
504,504,-6.640349548047066,10.861679310959168,10.71529980741434,-10.7039613368761,-8.797299960609916,Class2
505,505,-9.515672616766157,12.456314549259815,10.554091984159164,-10.394634423421802,-8.444352989384592,Class3
506,506,-12.335420395355165,8.291846935374394,7.412098513834917,-9.58844595922512,-12.344526988835147,Class1
507,507,-8.484125281883047,12.268968010642066,12.198842852962354,-9.46434614834909,-12.76693074322128,Class2
508,508,-11.351045322071917,11.2808641117236,9.30578464121016,-10.215157729063964,-8.671843550786456,Class3
509,509,-8.090298630108647,10.915697606896812,13.528125608439872,-9.050788385455109,-13.55822955925898,Class2
510,510,-11.36052926920829,8.582559467457592,6.083257435407261,-10.045514943266948,-12.286985934356078,Class1
511,511,-11.416681012694603,11.960205136740704,8.705650261326625,-10.252312672539569,-9.280510318946432,Class2
512,512,-8.892522970023002,13.390580188938964,11.80696537510124,-9.855695906509848,-10.979284462222603,Class2
513,513,-13.39005824075073,7.918073590486712,7.64847525127809,-9.081594581471142,-13.778870001904991,Class1
514,514,-7.462188568475391,10.545666760466252,12.785021184111573,-9.520673451293185,-12.236879411061668,Class2
515,515,-12.64284001173382,8.437060670191896,7.038396231110188,-9.51315657729021,-12.9268544886827,Class1
516,516,-11.619597256365624,12.194651616649834,8.400873375433427,-10.537097377284828,-7.904523156611605,Class3
517,517,-12.560929281542291,12.39875259417653,7.028884546522078,-10.679328715069008,-7.7776773897989075,Class3
518,518,-12.253270015218572,12.647259833874042,7.113365857795287,-10.707523158229163,-7.904025762774962,Class3
519,519,-12.24754314530255,8.958683741793287,5.605801338485565,-9.939571892227956,-12.670267548801837,Class1
520,520,-12.069791634583394,8.138266745492112,6.865187540632069,-9.704685867654376,-12.50356663716035,Class1
521,521,-12.385981658802084,8.789613011455096,6.13766956873571,-9.86281165417209,-12.325788176030958,Class1
522,522,-10.501473569584777,5.806350061734809,9.716221055693437,-9.23208922797679,-12.767094453016314,Class1
523,523,-12.754732832563656,11.812742501133425,7.534912318648643,-10.276995926108697,-9.093008448390815,Class3
524,524,-6.416794878048298,10.693650206446064,10.660235457875524,-10.33606334062993,-11.075062396452235,Class2
525,525,-11.919389169477148,12.31001379753772,7.526680248458426,-10.823201123756116,-7.016006301401494,Class3
526,526,-12.771081582209012,8.185906225622006,7.030935977959258,-9.42876051270426,-13.201969935134333,Class1
527,527,-6.722051204949429,11.786826161258489,10.29061421447139,-10.216085695065404,-12.210425982145866,Class3
528,528,-7.443948697380181,11.638158818039267,11.304353315076767,-10.017377336385117,-11.4608998205316,Class2
529,529,-8.873736624678559,12.230130668226485,13.483865178810357,-8.591901997372652,-15.83944395580552,Class2
530,530,-12.709290979224672,8.46267804293185,6.654461478769475,-9.61083398856637,-12.7477698145377,Class1
531,531,-6.892965132864867,10.773104654336294,11.212595666350584,-10.252864916122876,-10.498431565375096,Class2
532,532,-12.013762162467328,12.741287485153975,7.576864733611441,-10.662446933402038,-7.907112380105998,Class3
533,533,-11.56176055830837,11.239244300507686,9.2954904052719,-10.170528506510886,-8.71590427103352,Class3
534,534,-8.438269180338649,11.87629889054485,12.284174433636256,-9.70477428429959,-11.247135782022571,Class2
535,535,-11.37782584944154,8.283832588916608,8.213150868372768,-9.836453690127554,-10.99806901197697,Class1
536,536,-11.438614999396584,12.534604412571907,8.686701773374185,-9.97405825581794,-11.020294863286658,Class3
537,537,-11.521959292371209,7.836744312705127,7.770869680991515,-9.724124518245382,-11.829299472976448,Class1
538,538,-11.335393200953842,7.860271935544809,8.267940217561922,-9.73680322281023,-11.398917517660648,Class1
539,539,-11.043639200462014,11.154026621420735,9.984538432064438,-10.159323481787284,-8.492394551568104,Class3
540,540,-13.869439356386083,8.5537063988695,7.086893014813088,-9.092574107971949,-14.07823551192962,Class1
541,541,-12.267272655054676,12.463955881150168,7.3635168500650785,-10.602857815005178,-8.14094527353447,Class3
542,542,-12.9961047230968,10.713894014695812,7.929985670313075,-10.230634143371208,-8.330078448082705,Class3
543,543,-10.912054705170668,7.152502581056245,6.314588712828028,-9.67641546266412,-14.066167835917826,Class1
544,544,-6.929164025236245,9.81591740384727,11.988383259830222,-9.801336032549164,-11.82406541171612,Class1
545,545,-12.111368354231637,8.268104958254225,6.999124765084732,-9.63245521735676,-12.761546999823326,Class1
546,546,-12.224954669158423,8.46510131466726,9.793939596236353,-9.671380984781356,-9.42214754314646,Class1
547,547,-11.986486373666477,7.852766290288995,6.474177655615051,-9.62440234402445,-13.370773539163004,Class1
548,548,-12.132890526368122,7.624845714379716,9.108700737441174,-9.347504204309942,-11.803856191026126,Class1
549,549,-12.527265579109622,9.084337920368476,8.605962448541383,-9.748853278031124,-10.20484058366875,Class1
550,550,-11.439235500964346,11.873311202963729,9.077786252602346,-10.19108451897828,-9.163304442826712,Class3
551,551,-11.817315134437743,11.935076470243672,8.439667286282171,-10.284074799394784,-9.00126318180547,Class3
552,552,-7.81871217842738,12.086839679958006,11.560581628279069,-9.81824744469709,-12.074867482278112,Class2
553,553,-11.602113374016817,9.27502209626898,6.01727883633887,-10.119088315499946,-11.938817959144354,Class1
554,554,-12.371412419341258,11.785685431401346,7.879835798107346,-10.502726166802113,-7.813029155360633,Class3
555,555,-10.736848262724942,13.727398907831605,8.036355056464817,-10.681534522555031,-8.844316932081018,Class3
556,556,-12.159666293093345,11.894662982547912,7.958920674605376,-10.560465613757504,-7.642720534945637,Class3
557,557,-12.761423725287225,10.967013603229743,8.024283887133214,-10.2302246839948,-8.53655913744027,Class3
558,558,-7.947540705897368,10.344054191051653,13.193652690468248,-9.354339788208732,-12.183471504819002,Class2
559,559,-10.747199639331226,11.640170275819848,10.082158255954896,-10.065573876789385,-9.351503572444898,Class3
560,560,-9.215680402596687,14.281901833700916,11.560179879577994,-9.661645886583758,-12.31099590099883,Class1
561,561,-7.0575029693739495,8.82020808082411,13.252163812210185,-9.496503590699469,-11.69163070489448,Class2
562,562,-12.078737950503797,13.013586453453282,6.855281359021269,-11.157985263762791,-5.957441989791553,Class3
563,563,-11.538100196613088,8.190159981625717,8.152703439504602,-9.816844455306912,-10.989379826627776,Class1
564,564,-12.14009729755108,8.529019247446037,6.911786730064375,-9.691995188560917,-12.581411034849468,Class1
565,565,-11.761157422366953,7.422316185826298,8.506123897269969,-9.427502771656624,-12.31321543814859,Class1
566,566,-13.399440585320177,8.300060129865233,9.44167138266517,-9.151961683426558,-11.526290762365331,Class1
567,567,-8.203104889127125,12.616038827163072,11.5979979844743,-10.019953311589411,-10.706539342088142,Class2
568,568,-13.6290721167546,9.608498203754683,7.727992172251184,-9.571406040768792,-11.269051728254544,Class1
569,569,-11.116263126828368,13.62030051465658,7.273541460662553,-11.012450518483467,-7.434277831667787,Class3
570,570,-12.72656770963536,8.835660169670897,8.217242727572733,-9.621964054531382,-11.06926454396284,Class1
571,571,-8.26476366003052,12.437181896281016,11.965656896201311,-9.806860075472317,-11.37548022740866,Class2
572,572,-12.451889700580985,11.395682628451672,8.08146540838053,-10.252784697266408,-8.784349742622519,Class3
573,573,-8.231178476002524,13.2221593764259,11.052826946622444,-10.16300900766987,-10.675574429290144,Class2
574,574,-12.121018591676004,7.430401177868598,7.433105022095162,-9.45493920447864,-12.996370372168649,Class1
575,575,-10.392063975717653,6.31146543201131,8.976594483258374,-9.457210542197188,-12.591594112107908,Class1
576,576,-8.313319336025902,11.84208129666908,12.355200612909805,-9.485334201611908,-12.504629100198123,Class2
577,577,-12.739713856357914,11.70926628300372,7.141998187495871,-10.74551507550067,-6.888552654072655,Class3
578,578,-7.252374446678058,11.80429529695639,11.56874586451899,-9.826808432543231,-12.473127603889344,Class2
579,579,-13.686202954707872,11.596220730481472,6.584152799591333,-10.378379581664849,-8.604675974639639,Class3
580,580,-12.366131289120233,13.301384512645948,6.361581605116872,-11.232198834243876,-5.901740416879454,Class3
581,581,-11.523214210825325,6.192833491983066,8.200522947368714,-9.163575703184906,-13.957282751182834,Class1
582,582,-11.537579169746014,7.725531441116331,8.541002142008841,-9.628916413852496,-11.462791073615437,Class3
583,583,-7.509057633022018,11.46827874915719,11.416378230955154,-10.162198874613214,-10.410790513585876,Class2
584,584,-8.341370646475093,12.936763856599974,11.77638429092679,-9.787219396717296,-11.780773851670912,Class2
585,585,-11.49565961515018,7.446018516524056,8.681299967744664,-9.581517080605163,-11.523525200070956,Class1
586,586,-8.758394265213818,12.124318383839736,13.424159066552978,-8.825802995644121,-14.675276661955978,Class2
587,587,-12.91474895329365,8.354195607489778,7.0293162057865,-9.485675531420393,-12.801437376241326,Class1
588,588,-8.104308445967202,12.126534660407202,12.241868280462445,-9.98491244408452,-10.131132513326786,Class2
589,589,-12.247066217766632,9.24575917107286,7.066032987926199,-9.948657348542596,-11.105466095037322,Class1
590,590,-12.16557365958078,9.047801747970876,7.124117113730358,-9.950286077531336,-11.047191469745274,Class1
591,591,-12.659031061733506,8.55948126195081,7.727174240003055,-9.684994915605015,-11.232476580622173,Class1
592,592,-11.376573094437797,11.67802415079574,9.24130980656094,-10.178792312514,-9.049474825599876,Class3
593,593,-12.513538765008056,12.284510981342333,7.596899283023505,-10.496483771318458,-8.183104505378157,Class3
594,594,-9.124006281513342,12.096183621870434,13.225485139666574,-9.102455249296543,-12.98635987594452,Class3
595,595,-11.7787106392179,7.9289533139567485,8.638135056403286,-9.64639063895196,-11.091293430382311,Class1
596,596,-11.691800176771952,7.6197388409136195,7.220192619403834,-9.589201520422003,-12.955488009287116,Class1
597,597,-11.457914783196196,7.173076900157041,8.890268129035604,-9.356595024626788,-12.498739359673593,Class1
598,598,-12.471169061523938,10.857084560569506,8.450589705566546,-10.177894281214856,-8.604278100895899,Class3
599,599,-8.054902738437333,11.292680466300796,12.188636024360994,-9.91015838216778,-10.386148983823452,Class2
600,600,-12.165783365073484,8.310827229743328,8.827922762986269,-9.591322892015176,-10.939973522341182,Class1
601,601,-12.308024220733488,7.602251173833739,8.153766786007427,-9.377619605462414,-12.510348178986344,Class2
602,602,-11.122087669863362,7.48800861241048,8.378969057755079,-9.654485006884636,-11.822364833110877,Class2
603,603,-11.28390141868002,12.068955519326868,8.782232126295387,-10.4714543689208,-8.134838450325297,Class3
604,604,-11.69094046719207,11.368218798768918,8.820056044614953,-10.3256746213982,-8.28923161381224,Class3
605,605,-10.443172673949062,12.064273926694083,9.568028950122878,-10.477147002659782,-8.047543867305595,Class3
606,606,-10.624687595361634,11.94069484772535,9.823480174616456,-10.13785452454311,-9.447385982238222,Class3
607,607,-12.189806922275556,8.816477975463405,8.018295798188598,-9.783733583279227,-10.895776287179723,Class3
608,608,-9.903990764928228,14.264071090014092,13.028254688068715,-8.823572798150032,-14.708682207787714,Class2
609,609,-13.76823879952411,11.724575276191963,6.728611564133187,-10.324845345470022,-8.707105188283816,Class3
610,610,-13.701969921923949,12.245307397066457,5.541653187514637,-10.92761127959178,-6.877145616027487,Class3
611,611,-11.671850403883806,8.157170541215647,7.853385939378085,-9.736071146152655,-11.630508395464256,Class1
612,612,-12.811330382318705,11.015095102162311,7.73449388697397,-10.75224528635408,-5.905914336183647,Class3
613,613,-8.92078268374827,12.397771598938789,12.677620665152286,-9.245023696695702,-13.085941446699742,Class1
614,614,-11.986523780449676,12.172700141103476,8.135456994496595,-10.583787744771438,-7.57477042976544,Class3
615,615,-12.115275718505265,7.535116844759047,7.122064171954396,-9.43755679405758,-13.475131672612516,Class1
616,616,-7.519506195116778,11.03628330973924,11.950172378870084,-9.821453271740102,-11.577935004503786,Class2
617,617,-5.938756116853597,10.376151134291106,10.391013707284603,-10.885440236828336,-8.660193665263868,Class2
618,618,-7.0057850588878745,12.003059308535718,11.021508924044564,-9.980081698380475,-12.52086416999779,Class1
619,619,-10.568936518643133,6.884174497866242,9.711905394649712,-9.679689998723006,-10.55328532712117,Class2
620,620,-6.402020509075538,10.62282431817415,11.2482001416603,-10.056646414046952,-11.980704555277988,Class2
621,621,-9.06859154728895,11.400314288027632,13.986959768629188,-9.060559006123729,-12.211432906940631,Class2
622,622,-10.995476381390542,8.1819904623784,7.9910883192857,-9.909054259716596,-11.1726983650482,Class1
623,623,-12.00025775898565,11.889896434594268,8.371678387213377,-10.28964634789902,-8.85394547785691,Class3
624,624,-6.372724107396346,9.57881350753946,12.087395087226117,-9.75368875256424,-12.44153219086927,Class2
625,625,-12.419442789674893,11.75538392947317,7.50015217324111,-10.709722875547678,-7.018141600682501,Class3
626,626,-12.700206392372383,8.869137088563473,7.828180960181986,-9.634915773207275,-11.461301612005297,Class1
627,627,-10.515384205204697,6.014282341110215,9.538102140691416,-9.301141143986529,-12.630921917901167,Class1
628,628,-11.98239912022745,10.950738156427413,8.666122976306076,-10.420399749684858,-7.51359661582871,Class3
629,629,-9.38753673374777,13.22987321636575,12.831663214185117,-9.177061369515307,-13.114369807122468,Class2
630,630,-11.962828398983726,8.15774410999346,8.134574705476284,-9.716897326729764,-11.147731382760844,Class1
631,631,-11.85093322538182,12.967248495322885,7.599585003523156,-10.666353826050925,-8.090193174158728,Class3
632,632,-12.391854737801651,11.534182100123036,8.010212149725596,-10.446948719498478,-7.880386097155391,Class3
633,633,-7.083292494747567,11.380264346082672,11.224248952228868,-10.138324926912023,-11.137889700046486,Class2
634,634,-11.437418200259756,7.452720333013334,8.218264812751016,-9.473266353516628,-12.696342531362044,Class1
635,635,-11.483769786865944,13.00938262887193,7.8161104474496765,-10.468050334303632,-9.327676519352572,Class3
636,636,-13.506019122971868,11.717813701458414,6.186354374318327,-11.151802250004444,-4.933735001647188,Class3
637,637,-10.999753549347655,12.106578346821989,8.841947554920262,-10.794755337611605,-6.548755216927444,Class3
638,638,-8.801294139904662,12.597272309820658,13.101690749944428,-9.082893239826229,-13.704762150288058,Class3
639,639,-12.4103579739307,9.09729188743666,7.190430641402761,-9.842140050064351,-11.358386386778726,Class1
640,640,-8.947833881901772,13.61541415596486,11.82211792091233,-9.488484621181648,-13.03368220745895,Class2
641,641,-10.727181069200691,11.97713214921044,9.35474233682382,-10.371958300762971,-8.568036257246959,Class2
642,642,-12.39290658830222,6.805059404787748,10.0250470749035,-8.984518741698599,-12.308484464901792,Class1
643,643,-7.566379750775185,11.471817368120034,11.641757362306764,-9.796008991203028,-12.154802175329028,Class2
644,644,-7.48830778525581,11.530410677420498,12.064024367149631,-9.53377850644137,-13.249558070425971,Class2
645,645,-9.120445841842717,12.795148195199438,12.548880265198468,-9.33478083010002,-12.6616764477794,Class2
646,646,-12.11875170382337,11.72024559971154,8.067980219809723,-10.44943141066578,-8.126339553817516,Class3
647,647,-11.143326362118126,11.782816735452233,9.704447918335608,-10.101994451434802,-9.227646230971752,Class3
648,648,-6.810135886507066,10.613660353039185,11.245016114252666,-10.179733315880622,-10.899858188659977,Class2
649,649,-11.768485268748586,8.120605357195512,7.171366655508892,-9.65160796278643,-12.748086260446112,Class1
650,650,-11.790471584643992,8.968555718376686,7.967139008551544,-10.027641349967553,-10.023355725096527,Class1
651,651,-11.104636717163444,7.363470903377564,10.409785780427852,-9.472992760365411,-10.578128871851968,Class2
652,652,-11.446862270455965,11.976172351171057,8.303060577838567,-10.504138833626447,-8.292470922338916,Class3
653,653,-5.142548052221317,10.24877517608406,9.339242092745277,-10.955075392030414,-10.155454779456791,Class2
654,654,-6.310405411269269,12.100511741029973,9.843865854230604,-10.714320744639153,-10.416240921613108,Class2
655,655,-12.37636010091156,13.36310306501226,6.221014240278636,-11.369318327705887,-5.300286195990333,Class1
656,656,-12.02525606327162,11.157022023257769,8.571323820042956,-10.2178330949641,-8.775029101684133,Class3
657,657,-9.580609402478933,12.133488295889578,11.29793580404228,-9.96732532944698,-9.846681717391473,Class3
658,658,-7.454499553608048,11.120469058936717,12.0103042147966,-9.810323790984173,-11.66379254859878,Class2
659,659,-7.326328552980212,11.390913669318738,11.660976874548302,-9.86680823926722,-11.943463085756676,Class2
660,660,-7.05976532980312,10.668122566045376,11.48106485767992,-10.29723802907312,-9.760285766628956,Class2
661,661,-13.165086639561595,11.40606460527856,7.371552985333754,-10.678827133295384,-6.500512379781201,Class3
662,662,-11.742211865810146,8.075597123357962,6.9705685338331485,-9.770774200220773,-12.314023069885348,Class3
663,663,-12.109529427874952,8.298629726726853,8.553468108637926,-9.55235466373546,-11.510096228670552,Class3
664,664,-11.260450523054349,8.41299949485888,7.458670481737528,-9.893989732911043,-11.661784584095104,Class1
665,665,-8.559190763965564,10.917738823698077,13.707137963720868,-9.186674633872547,-12.15034133370742,Class2
666,666,-11.21824399038656,12.888768236751377,7.713900738223943,-10.857520519928284,-7.481067454422957,Class3
667,667,-10.244630598741503,11.698051948161307,10.221853039727788,-10.411532283758165,-7.767983577846166,Class3
668,668,-12.182506443382689,8.827202688902982,8.927760574876721,-9.667221790901031,-10.556396890264582,Class3
669,669,-7.13133261321547,11.38770553994876,11.477552752467195,-10.08093989958057,-11.135836409929578,Class2
670,670,-8.276728300398588,12.501957978724851,11.939725849779894,-9.537930985290258,-12.916095460723314,Class2
671,671,-12.91445486178797,11.016102563251948,8.306404081514,-9.875258963951596,-10.077788700255663,Class3
672,672,-12.108608669620926,8.577527590499079,9.40580149772105,-9.673234584220378,-9.98743072396025,Class1
673,673,-12.697655166665871,11.557346652449832,7.277453203214548,-10.772341185645024,-6.581143845310743,Class3
674,674,-6.972153592950701,10.73618375892151,11.74549621451784,-9.996607511746127,-11.255576311545369,Class3
675,675,-12.33505940189396,9.153264989220697,7.118479158071202,-9.917624637313658,-11.10645438030754,Class1
676,676,-13.668066998622914,11.439031508656289,6.930765833023557,-10.359439342182649,-8.295835802119532,Class3
677,677,-8.613605119679672,13.270624390688742,11.392175515826269,-9.742726357115094,-12.297356157403485,Class2
678,678,-12.34441798688453,12.689916219324248,7.067788635610347,-10.62523206959026,-8.339862580792094,Class3
679,679,-11.030591281209617,6.009451952834613,8.21684471748701,-9.245009165713176,-13.900254315760243,Class1
680,680,-8.935438894878263,12.647313238072469,12.539898851970692,-9.409480529334491,-12.384905319358005,Class2
681,681,-12.153897841363928,12.634383909965106,7.666055853763002,-10.558386513767315,-8.220789069487083,Class3
682,682,-11.665419432022684,6.366640129447903,9.39210426464034,-9.12803991378271,-12.763342094502178,Class1
683,683,-12.702409935807973,8.570413758505692,8.528079592077047,-9.569920885884676,-10.955728986266024,Class1
684,684,-13.058918394167442,12.711963760858977,6.275103830255047,-10.655344484760576,-8.362008356771717,Class3
685,685,-13.341267250774797,7.8095121956092,8.312656483865151,-9.037680582750912,-13.305322624724964,Class1
686,686,-12.408975781414206,11.4835584390862,8.094699025929241,-10.241050540521847,-8.905083294635837,Class3
687,687,-8.72085960120298,14.13936715330404,11.203174760359868,-9.569139159221494,-13.65207604501807,Class1
688,688,-12.920951923711154,11.226756832942309,7.290666810493998,-10.600883085898028,-7.202696932803672,Class2
689,689,-10.896768626701473,8.160866880018357,7.722030825083216,-9.992769397400291,-11.089415857055675,Class1
690,690,-10.61163053451877,12.808750140407696,9.002560492973442,-10.568731351604391,-8.235757076714675,Class3
691,691,-12.86034455481422,8.8513906500549,8.849945221396709,-9.493941989540732,-10.964348907173957,Class3
692,692,-9.368719818677494,13.67776565356864,12.393590314700122,-9.555514564379449,-11.644372941282915,Class2
693,693,-13.188127074186474,8.735714065823789,8.850766326090728,-9.287472750426629,-11.76371716584404,Class1
694,694,-6.017934924872177,12.312901988759432,8.994326583613882,-10.781417360091975,-11.32686443967422,Class2
695,695,-11.589279114777206,12.368209902227576,8.5112925756674,-10.252236733326129,-9.459962274909714,Class3
696,696,-7.01460245697724,11.85198859583166,10.520284374712109,-10.344477129883266,-10.979095501934497,Class2
697,697,-11.457852903859225,7.412314993812695,8.641085005294375,-9.476411087990936,-12.180689646472588,Class1
698,698,-10.876580913302128,12.960318625945105,8.437737387755703,-10.747270315505022,-7.653090128017814,Class3
699,699,-10.42229203924084,13.823864658752598,13.485229245414592,-8.950873651090266,-12.852567904436386,Class2
